user_id,age_range,state,salary_range,job_role,sector,company_size,orders_food_delivery,food_delivery_freq_week,food_delivery_platform,primary_device,plays_other_word_games,typical_play_time,newsletter_subscriber
fe2e4f159653f26f,Não informado,MG,R$4k-R$6k,Consultor,Finanças,Pequena,True,5,Rappi,Android,True,Afternoon,True
4d89d721da20cbc3,35-44,MG,R$4k-R$6k,Analista,Educação,Multinacional,True,3,Ambos,iOS,True,Morning,True
91bf47f1274e23a8,25-34,PB,Não informado,Coordenador,Tech,Pequena,True,3,Nenhum,Android,True,Morning,True
4efe31b67538c37f,25-34,PB,até R$2k,Gerente,Finanças,Grande,True,5,Nenhum,iOS,False,Afternoon,False
d6af92f33a83c685,18-24,RN,até R$2k,Consultor,Outros,Pequena,True,0,Nenhum,Android,True,Night,False
ea768abe252a9c4d,Não informado,PE,R$2k-R$4k,Consultor Sênior,Outros,Média,True,7,Rappi,iOS,False,Night,True
ae8b6125edd6a029,35-44,MS,R$2k-R$4k,Desenvolvedor,Outros,Grande,True,0,Nenhum,Android,False,Morning,True
4517373ef63e1ba1,35-44,SC,acima de R$10k,Coordenador,Varejo,Grande,True,0,Nenhum,Android,True,Morning,True
32af28a305491283,45+,AL,Não informado,Estudante,Varejo,Média,True,7,Ambos,Android,True,Morning,True
176df4d7bd105b74,45+,MS,R$6k-R$10k,Analista,Educação,MEI/Micro,True,7,Rappi,iOS,True,Night,True
b9db263d2c7d92d4,Não informado,GO,até R$2k,Professor,Tech,Grande,True,1,Rappi,Android,False,Night,True
c0f08bbb1f3c2556,18-24,RJ,R$6k-R$10k,Consultor,Varejo,Multinacional,True,5,Ambos,iOS,True,Night,True
fec201f39f00456b,35-44,AM,R$4k-R$6k,Consultor Sênior,Educação,Multinacional,True,0,Nenhum,Android,True,Afternoon,True
5a8f7b12015bd3a4,35-44,CE,R$6k-R$10k,Analista,Finanças,MEI/Micro,True,5,Nenhum,Android,False,Afternoon,False
57184bd24165a3fe,35-44,RJ,até R$2k,Coordenador,Educação,Média,True,0,Nenhum,iOS,True,Morning,True
b5a6b71f86e450d4,35-44,PB,R$2k-R$4k,Designer,Outros,MEI/Micro,True,0,Nenhum,Android,True,Night,True
9afdec5d404654e0,18-24,PR,Não informado,Estudante,Tech,Multinacional,True,2,Ambos,Android,False,Night,True
006ebf544f052ea8,45+,SC,acima de R$10k,Diretor de Dados,Outros,Média,True,1,iFood,Android,False,Morning,True
9666773dcb717c3e,25-34,MA,Não informado,Consultor de Dados,Tech,Grande,True,3,iFood,iOS,False,Night,True
7218bdab8623dad1,25-34,RJ,Não informado,Coordenador,Tech,MEI/Micro,True,3,Rappi,Android,False,Night,True
d9d132e37b4fdea8,25-34,MS,R$6k-R$10k,Designer,Educação,MEI/Micro,True,0,Nenhum,iOS,False,Night,False
ff1a577179e025d1,35-44,MG,Não informado,Professor,Finanças,Grande,True,3,Rappi,Android,False,Morning,True
a287e4bcef425e7e,Não informado,RN,R$4k-R$6k,Estudante,Finanças,Grande,True,1,Nenhum,iOS,False,Afternoon,True
075ea90b92bc8653,35-44,CE,R$2k-R$4k,Desenvolvedor Sênior,Direito,Grande,True,1,Nenhum,Android,True,Morning,True
466fbcee3f6504a1,35-44,PB,até R$2k,Designer,Varejo,Média,True,1,iFood,iOS,True,Afternoon,True
0934362bcd890fa1,18-24,PB,acima de R$10k,Desenvolvedor,Varejo,Média,True,1,Rappi,iOS,False,Night,True
1bf9e42a84bae847,45+,MA,Não informado,Gerente de Dados,Outros,Média,True,5,Ambos,Android,True,Night,True
7c9e290948dca199,25-34,AM,R$2k-R$4k,Engenheiro,Educação,Pequena,True,2,iFood,iOS,True,Night,True
d003c2be84ce5344,25-34,MA,R$4k-R$6k,Analista,Tech,MEI/Micro,True,0,Nenhum,Android,True,Night,True
13ebef24b74d34c0,Não informado,SP,R$4k-R$6k,Professor,Finanças,MEI/Micro,True,7,Ambos,Android,True,Morning,True
c118d0a08ae175b1,Não informado,CE,R$4k-R$6k,Estudante,Tech,MEI/Micro,True,0,Nenhum,iOS,False,Night,False
fe30f47700d90c7b,45+,RJ,R$4k-R$6k,Coordenador,Marketing,Grande,True,0,Nenhum,iOS,True,Morning,True
3ac73d9b20f35050,25-34,RS,R$6k-R$10k,Gerente,Saúde,Pequena,True,2,Nenhum,iOS,False,Night,True
037158b9da1ac2af,25-34,CE,R$2k-R$4k,Coordenador,Educação,Média,True,1,iFood,Android,False,Morning,True
61a7a38bcb334eec,45+,MT,R$6k-R$10k,Analista,Educação,Grande,True,0,Nenhum,iOS,False,Morning,True
af380479c757145c,35-44,PR,R$2k-R$4k,Gerente de Dados,Tech,MEI/Micro,True,1,Nenhum,Android,True,Night,True
4008f6a03708cd1a,25-34,RS,até R$2k,Coordenador,Finanças,MEI/Micro,True,3,Rappi,iOS,False,Night,True
107e0d87868477b3,35-44,RS,acima de R$10k,Consultor,Educação,Média,True,2,Ambos,Android,False,Night,True
7f713507c58ae4b3,35-44,AL,R$4k-R$6k,Professor,Outros,Multinacional,True,3,iFood,iOS,False,Morning,False
e6d4bef911ec955b,45+,RN,R$6k-R$10k,Diretor,Finanças,Multinacional,True,1,Rappi,iOS,True,Night,True
3fa8c6958952a52d,25-34,PB,Não informado,Professor,Outros,MEI/Micro,True,0,Nenhum,iOS,False,Morning,True
74608d7ab6d097ed,25-34,CE,R$6k-R$10k,Professor,Tech,MEI/Micro,True,0,Nenhum,Android,False,Night,False
0df2ed0c5328752c,18-24,RN,R$4k-R$6k,Analista,Marketing,MEI/Micro,True,5,Rappi,Android,True,Night,True
d78d770405725a60,25-34,BA,R$6k-R$10k,Consultor,Saúde,Grande,True,7,Ambos,iOS,True,Night,True
ed88887efb29f30d,35-44,AL,até R$2k,Coordenador de Dados,Saúde,Multinacional,True,7,Rappi,Android,False,Night,True
fc5ca25cae03ece6,35-44,PR,R$6k-R$10k,Desenvolvedor,Outros,Média,True,3,Nenhum,Android,True,Night,True
e935045f3737df38,35-44,RJ,R$4k-R$6k,Consultor,Outros,MEI/Micro,True,1,Ambos,iOS,True,Afternoon,True
e7abdd59004582d7,18-24,AM,Não informado,Gerente,Outros,MEI/Micro,True,3,Nenhum,Android,False,Morning,True
0e4a61a1a9a316e7,35-44,MG,R$2k-R$4k,Analista,Tech,Multinacional,True,3,Nenhum,Android,True,Night,False
0e0ac1e0d8f2d92a,35-44,RJ,R$2k-R$4k,Designer,Finanças,Média,True,1,iFood,iOS,False,Afternoon,True
321555d0183a1241,35-44,RS,acima de R$10k,Gerente,Marketing,MEI/Micro,True,3,Ambos,iOS,False,Night,True
ffb7923f855e5571,35-44,SE,R$4k-R$6k,Engenheiro,Tech,MEI/Micro,True,2,Ambos,Android,False,Night,True
66b0a5861a08e809,35-44,RJ,R$4k-R$6k,Engenheiro,Finanças,Grande,True,5,Rappi,Android,True,Afternoon,True
c72af79f4ed67b07,25-34,PE,R$4k-R$6k,Desenvolvedor Sênior,Outros,Média,True,3,iFood,Android,False,Night,True
d015a71c44d66779,25-34,SE,Não informado,Engenheiro de Dados,Saúde,Pequena,True,0,Nenhum,iOS,True,Morning,True
2a456f4dd9387ace,Não informado,CE,R$4k-R$6k,Estudante,Varejo,Média,True,5,Rappi,iOS,False,Afternoon,True
72c02763d4450194,45+,MS,acima de R$10k,Diretor de Dados,Educação,Multinacional,True,0,Nenhum,iOS,False,Night,True
b2a934c6d3609ec8,35-44,PR,Não informado,Consultor,Varejo,MEI/Micro,True,5,Rappi,Android,True,Night,True
45ac841acd25b151,18-24,RS,R$6k-R$10k,Designer Sênior,Finanças,Grande,True,3,iFood,Android,False,Morning,True
de391b1c8620d927,25-34,RN,R$2k-R$4k,Analista,Direito,Grande,True,5,Nenhum,iOS,True,Night,True
36395741cbd0e24d,Não informado,MG,R$2k-R$4k,Desenvolvedor,Tech,Pequena,True,2,Rappi,iOS,False,Night,True
ca0ee855fb5ee210,25-34,PB,R$6k-R$10k,Analista,Saúde,Pequena,True,7,iFood,Android,False,Afternoon,True
145c45d59cb72cdb,45+,PR,R$4k-R$6k,Analista,Direito,MEI/Micro,True,2,iFood,iOS,True,Morning,True
6c3cdf1c7429afc0,25-34,RS,R$6k-R$10k,Estudante,Direito,Média,True,5,iFood,iOS,False,Morning,True
827008040dfdd3af,25-34,MS,R$4k-R$6k,Engenheiro,Outros,Grande,True,3,Ambos,iOS,True,Morning,True
86c0dd6f0eaa97e9,35-44,SP,até R$2k,Professor,Tech,Média,True,1,Ambos,Android,True,Night,True
2fac7d372ab5aa8f,Não informado,PR,até R$2k,Gerente,Tech,MEI/Micro,True,2,Nenhum,Android,False,Night,True
d84f4e16db7257dc,25-34,MA,R$2k-R$4k,Gerente,Outros,Grande,True,2,Rappi,iOS,True,Morning,False
71399b3ae816d0a7,35-44,MG,Não informado,Diretor,Tech,MEI/Micro,True,1,Nenhum,Android,True,Morning,True
96df91e6ccb1dccf,Não informado,MA,até R$2k,Estudante,Tech,MEI/Micro,True,2,Ambos,Android,False,Night,True
1b39eff82983a6f5,25-34,RS,R$6k-R$10k,Designer,Saúde,Pequena,True,3,Rappi,Android,False,Morning,True
85de82a1844b25a4,35-44,SP,acima de R$10k,Gerente,Tech,Média,True,1,Rappi,iOS,True,Night,True
88a75b0f5233c3b2,18-24,DF,até R$2k,Engenheiro Sênior,Tech,Pequena,True,2,Nenhum,iOS,True,Morning,True
515872cd13042b6f,18-24,MA,acima de R$10k,Analista,Finanças,Pequena,True,1,iFood,Android,False,Afternoon,True
65b4952ddfe15343,Não informado,RJ,R$2k-R$4k,Professor,Direito,Pequena,True,3,Nenhum,iOS,False,Night,True
00f3b528c9a28fc1,Não informado,BA,Não informado,Professor,Tech,Pequena,True,2,Ambos,Android,True,Morning,True
6e941da4bd5b8eab,35-44,AL,acima de R$10k,Consultor,Finanças,Pequena,True,0,Nenhum,iOS,False,Morning,True
76c09fe80f7dbbcc,25-34,ES,R$2k-R$4k,Gerente Sênior,Tech,Média,True,3,Rappi,iOS,True,Morning,False
877bf2642bcfd366,Não informado,DF,acima de R$10k,Designer,Finanças,Pequena,True,7,Nenhum,iOS,False,Night,True
a6ac93c77e9d5195,45+,AM,R$6k-R$10k,Engenheiro,Marketing,Multinacional,True,3,Nenhum,iOS,False,Morning,True
3060225fe0ed665a,35-44,MG,R$2k-R$4k,Analista Sênior,Saúde,MEI/Micro,True,7,Rappi,Android,False,Afternoon,True
2c009dc60758527e,Não informado,GO,R$4k-R$6k,Analista,Outros,Multinacional,True,0,Nenhum,Android,False,Afternoon,True
7c39e117acec6152,18-24,RJ,acima de R$10k,Designer Sênior,Tech,Média,True,2,Ambos,Android,False,Afternoon,True
6a3cf8514ede97b6,Não informado,PE,até R$2k,Gerente,Outros,MEI/Micro,True,0,Nenhum,Android,False,Afternoon,True
108021f428048ebe,25-34,BA,Não informado,Gerente,Outros,Pequena,True,0,Nenhum,iOS,True,Night,True
0e04d60bea0991bc,25-34,DF,Não informado,Gerente,Varejo,Grande,True,2,iFood,iOS,False,Morning,True
b98e24fa7de79072,25-34,MT,R$2k-R$4k,Diretor,Educação,Pequena,True,3,Rappi,iOS,True,Night,True
333f1dbffcca118c,35-44,AM,Não informado,Designer,Saúde,MEI/Micro,True,7,Nenhum,iOS,True,Night,False
92a699ffc698740e,Não informado,MT,R$4k-R$6k,Estudante,Educação,Média,True,1,Ambos,iOS,True,Morning,True
e16dab4b322b32e0,45+,AM,R$4k-R$6k,Desenvolvedor,Outros,Pequena,True,1,Ambos,iOS,True,Night,True
6c8b4fe785d786c6,25-34,PB,R$2k-R$4k,Gerente,Saúde,Pequena,True,2,iFood,Android,True,Night,True
8664f4195fb69097,18-24,RJ,R$2k-R$4k,Professor,Varejo,MEI/Micro,True,2,Nenhum,iOS,True,Afternoon,False
c9023ccc8ed57e4b,45+,PE,R$4k-R$6k,Diretor,Outros,Média,True,5,Ambos,iOS,True,Afternoon,True
4abde313c7bc512c,45+,PE,R$2k-R$4k,Diretor,Finanças,MEI/Micro,True,1,Nenhum,iOS,True,Morning,True
10109dc2ce43acdd,Não informado,SP,R$6k-R$10k,Coordenador,Marketing,Grande,True,2,Ambos,iOS,True,Night,True
b277277b350afcb2,45+,SE,R$2k-R$4k,Diretor,Tech,MEI/Micro,True,3,Ambos,iOS,True,Morning,True
cd480e6dbba076d1,25-34,PB,acima de R$10k,Diretor,Outros,Grande,True,5,Rappi,iOS,False,Night,True
05558efc5ada8459,18-24,DF,Não informado,Coordenador,Marketing,Multinacional,True,3,iFood,Android,True,Night,True
46ace4312a5bf536,45+,DF,R$4k-R$6k,Coordenador de Dados,Tech,Multinacional,True,5,iFood,iOS,True,Night,True
3ed45f49f0869f2f,Não informado,AL,R$2k-R$4k,Designer,Finanças,Pequena,True,3,iFood,iOS,True,Night,False
4dfc64edf6ae0a50,18-24,PE,R$6k-R$10k,Designer,Tech,Pequena,True,5,Nenhum,Android,False,Night,True
30a00bd02df52c7e,35-44,RN,R$4k-R$6k,Analista,Saúde,Grande,True,1,Rappi,Android,False,Night,True
57a3195a73eb2690,18-24,BA,Não informado,Designer,Educação,Média,True,3,iFood,iOS,True,Night,True
fffc498f51b5661c,35-44,MA,até R$2k,Consultor,Educação,Média,True,3,Ambos,Android,False,Night,True
bc06cb845ccd3a36,Não informado,SP,até R$2k,Estudante,Tech,Multinacional,True,0,Nenhum,iOS,True,Morning,False
5760054d61ccf1ca,25-34,PB,até R$2k,Professor,Saúde,MEI/Micro,True,3,Nenhum,iOS,False,Night,False
40dd27a6ad421d0f,Não informado,MG,R$4k-R$6k,Coordenador,Saúde,Média,True,2,Nenhum,Android,False,Night,True
c57942e11d454519,25-34,SE,R$6k-R$10k,Estudante,Finanças,Grande,True,2,Rappi,Android,False,Night,True
63d0ca1519a56124,35-44,MG,Não informado,Gerente Sênior,Finanças,Pequena,True,3,Nenhum,iOS,False,Morning,True
d6f0b05fdfb936c7,35-44,PR,R$2k-R$4k,Consultor,Saúde,Grande,True,3,Rappi,Android,False,Night,False
5f304cfced6f6414,Não informado,DF,R$2k-R$4k,Coordenador,Finanças,Pequena,True,0,Nenhum,iOS,False,Morning,True
6c94eedc029cfac2,18-24,AL,R$6k-R$10k,Gerente,Tech,Pequena,True,1,Rappi,iOS,True,Afternoon,True
fdfbb1e414f5d4ed,25-34,PR,Não informado,Diretor,Outros,Pequena,True,3,iFood,iOS,False,Afternoon,True
7ffe290f5669971b,35-44,MG,R$6k-R$10k,Coordenador,Marketing,Multinacional,True,2,iFood,iOS,False,Morning,False
3bcc09e3c69579d7,Não informado,MS,Não informado,Diretor Sênior,Marketing,Grande,True,3,Rappi,iOS,False,Morning,True
e01cd12c83df90c0,35-44,AL,Não informado,Coordenador,Outros,Multinacional,True,3,iFood,Android,True,Morning,True
581252ff1d5b1295,25-34,ES,acima de R$10k,Engenheiro,Finanças,MEI/Micro,True,0,Nenhum,iOS,False,Night,True
f8b5f2c1fe93e798,45+,BA,Não informado,Engenheiro,Educação,Pequena,True,2,Nenhum,Android,False,Morning,True
e6401223a53ed190,25-34,MG,R$4k-R$6k,Analista,Varejo,Grande,True,0,Nenhum,iOS,False,Night,True
1505f2e8c3599824,Não informado,SC,Não informado,Desenvolvedor,Tech,Grande,True,5,Rappi,Android,True,Night,True
331c7cfbe3991b88,35-44,BA,R$6k-R$10k,Professor,Tech,MEI/Micro,True,1,iFood,Android,True,Afternoon,True
dc6e1f8ff842c5f5,25-34,MA,R$4k-R$6k,Diretor Sênior,Marketing,Média,True,1,Rappi,iOS,False,Night,True
80887a355d8875e1,45+,MG,R$4k-R$6k,Engenheiro,Finanças,Grande,True,2,iFood,Android,False,Night,True
df107b8510023747,35-44,PE,até R$2k,Desenvolvedor,Outros,Multinacional,True,1,Nenhum,Android,False,Afternoon,False
63f08ecf623da206,25-34,BA,Não informado,Desenvolvedor,Outros,MEI/Micro,True,1,Ambos,iOS,False,Night,True
23e395e3f0d3d99e,25-34,MA,acima de R$10k,Analista,Outros,Pequena,True,1,iFood,iOS,True,Morning,True
f11f264586ca1dce,18-24,MA,Não informado,Coordenador,Educação,Multinacional,True,1,Ambos,iOS,False,Morning,True
0f8fcb0e14f03ab1,35-44,AM,R$6k-R$10k,Professor,Tech,Multinacional,True,3,Rappi,iOS,False,Night,True
108ccfc200689fc8,35-44,SP,R$6k-R$10k,Designer,Saúde,Multinacional,True,5,Nenhum,Android,True,Night,True
bc7b2d73613ff33d,35-44,AL,acima de R$10k,Designer Sênior,Tech,MEI/Micro,True,2,Nenhum,iOS,True,Morning,True
f54370c879525d12,25-34,ES,R$4k-R$6k,Diretor,Saúde,Pequena,True,3,iFood,Android,False,Night,True
015cdf7c949af151,45+,SE,R$4k-R$6k,Estudante,Outros,Média,True,0,Nenhum,iOS,False,Afternoon,True
29ee0a8e87fba77d,45+,CE,R$2k-R$4k,Gerente,Outros,MEI/Micro,True,1,iFood,iOS,False,Night,True
5a9ca732e1eb53da,18-24,PE,R$4k-R$6k,Designer,Finanças,Pequena,True,5,Ambos,Android,False,Night,True
3abcdfc7c3b004d7,45+,AM,até R$2k,Engenheiro,Tech,Média,True,1,Nenhum,iOS,False,Afternoon,True
d22c0a0d6a2d6db6,Não informado,PR,R$4k-R$6k,Professor,Finanças,Média,True,3,iFood,Android,False,Afternoon,False
9fe16955f9adc8b3,25-34,MT,até R$2k,Professor,Saúde,Grande,True,5,Ambos,iOS,True,Night,False
5ce4eeddfd77553b,18-24,SE,acima de R$10k,Engenheiro,Outros,MEI/Micro,True,2,iFood,iOS,False,Night,True
9db582aeebf842f7,25-34,GO,R$4k-R$6k,Desenvolvedor,Direito,Multinacional,True,1,Ambos,iOS,False,Night,True
50eaa3f36a60c821,35-44,GO,até R$2k,Diretor,Saúde,Média,True,1,Nenhum,iOS,False,Night,True
432a94a2737206b6,45+,PE,R$4k-R$6k,Designer,Finanças,Pequena,True,0,Nenhum,iOS,False,Morning,True
59ad3397e5411b66,18-24,MG,R$2k-R$4k,Desenvolvedor,Outros,Grande,True,7,iFood,iOS,True,Night,True
560dc27139e6f1ef,18-24,PB,Não informado,Professor,Tech,Multinacional,True,1,Ambos,Android,True,Morning,True
f3f5cc32baa2b6f8,25-34,PB,Não informado,Coordenador,Saúde,MEI/Micro,True,1,Rappi,iOS,True,Night,True
d9d359c7cf4e1077,25-34,GO,R$4k-R$6k,Engenheiro,Marketing,Pequena,True,7,Nenhum,iOS,False,Night,False
dd4d9482a715030f,25-34,GO,Não informado,Professor,Educação,Pequena,True,2,Rappi,Android,True,Morning,True
1b0a2089b80529f4,18-24,SC,acima de R$10k,Engenheiro,Marketing,Grande,True,2,Nenhum,iOS,True,Afternoon,True
49fb1a084e96add8,25-34,SC,Não informado,Analista,Tech,Grande,True,0,Nenhum,iOS,True,Morning,True
2ef7bb7613b879d7,25-34,SE,Não informado,Desenvolvedor,Finanças,Grande,True,0,Nenhum,iOS,True,Afternoon,False
465e66d70e20ebbe,25-34,DF,acima de R$10k,Coordenador,Outros,Média,True,7,Nenhum,Android,False,Night,False
3cb1e9424a5e2b5f,45+,RN,R$4k-R$6k,Diretor,Tech,Grande,True,5,Nenhum,Android,False,Morning,False
b3ad3e91e625cbf9,Não informado,MG,R$6k-R$10k,Analista,Tech,Média,True,3,Rappi,iOS,False,Morning,False
33c031a403b05c98,18-24,PB,R$4k-R$6k,Estudante,Outros,Média,True,0,Nenhum,iOS,False,Afternoon,True
4ee134324076173b,25-34,ES,Não informado,Estudante,Varejo,MEI/Micro,True,5,Nenhum,Android,False,Afternoon,True
b968a579bd0c4b8a,18-24,CE,Não informado,Estudante,Outros,Grande,True,5,Ambos,Android,False,Night,False
40e125f528a28523,25-34,PB,R$2k-R$4k,Desenvolvedor,Marketing,Grande,True,7,Rappi,Android,True,Afternoon,True
d87b2e3924f53bf7,35-44,MG,R$4k-R$6k,Consultor,Outros,Multinacional,True,1,Nenhum,iOS,True,Afternoon,True
8a14beae4a808df5,35-44,MT,R$2k-R$4k,Gerente,Saúde,Grande,True,7,Nenhum,iOS,True,Morning,True
a338ac20148e9794,25-34,BA,R$2k-R$4k,Gerente,Finanças,Pequena,True,1,Ambos,Android,True,Night,True
600539eb4c4270a3,25-34,BA,Não informado,Gerente,Tech,Pequena,True,1,iFood,Android,True,Afternoon,True
9c2e6ade48ea4dea,25-34,SC,Não informado,Diretor de Dados,Saúde,Média,True,3,Nenhum,iOS,True,Night,True
b3a4f9c4637ad989,25-34,MG,R$6k-R$10k,Analista,Finanças,Média,True,2,iFood,Android,True,Night,True
24d89dda05809dd1,25-34,SP,Não informado,Coordenador,Tech,Multinacional,True,2,Nenhum,Android,False,Night,True
9a8d4e8ee28d9789,35-44,ES,até R$2k,Gerente,Finanças,Média,True,2,Rappi,Android,False,Night,True
959d50a57149a2f0,25-34,RJ,Não informado,Consultor de Dados,Direito,Pequena,True,0,Nenhum,Android,False,Night,True
2b0bad55f95cc8c8,25-34,CE,R$2k-R$4k,Desenvolvedor,Outros,Multinacional,True,2,iFood,iOS,True,Night,True
3516b73ca7dc5022,25-34,MA,Não informado,Diretor,Finanças,Multinacional,True,7,iFood,Android,True,Night,True
a9f6bf92335c93ec,18-24,RN,Não informado,Consultor,Outros,Média,True,2,iFood,iOS,False,Afternoon,True
04635aaf2d59584d,25-34,SC,R$4k-R$6k,Diretor,Outros,Média,True,3,Ambos,iOS,True,Afternoon,True
1f4932e8e50f10e2,25-34,MT,Não informado,Professor,Outros,Multinacional,True,1,iFood,iOS,False,Morning,True
a04ad6a5edbcbf81,18-24,MA,até R$2k,Designer,Outros,Grande,True,5,Nenhum,Android,False,Morning,True
de9cb9e302ac9ca4,35-44,GO,R$4k-R$6k,Estudante,Tech,Multinacional,True,3,Nenhum,iOS,True,Afternoon,True
0691e6f5b2646e8f,25-34,ES,R$6k-R$10k,Consultor,Finanças,Multinacional,True,5,Nenhum,iOS,True,Afternoon,True
0f40da464d1f48fd,Não informado,CE,R$4k-R$6k,Estudante,Finanças,Grande,True,0,Nenhum,Android,True,Morning,True
83b68c2830588bf8,25-34,SC,R$6k-R$10k,Coordenador,Varejo,MEI/Micro,True,0,Nenhum,iOS,False,Afternoon,True
4351b55b2ce4c20e,25-34,MA,Não informado,Coordenador,Finanças,Grande,True,3,Rappi,Android,False,Night,True
82f0ec2b0f917b5b,Não informado,DF,Não informado,Designer,Outros,MEI/Micro,True,2,Rappi,Android,False,Night,True
04de9e9a25caffea,35-44,SE,R$6k-R$10k,Gerente,Varejo,Pequena,True,2,Nenhum,Android,True,Night,True
3c3686f5e4b13971,45+,MG,até R$2k,Consultor de Dados,Educação,Multinacional,True,2,Rappi,iOS,False,Night,True
3ade37a54e98a142,Não informado,MT,R$4k-R$6k,Consultor,Marketing,MEI/Micro,True,0,Nenhum,Android,True,Night,False
37b3cad587f42d1b,18-24,BA,Não informado,Estudante,Varejo,Pequena,True,1,Nenhum,iOS,True,Morning,True
99ce5d6cfe9c2906,25-34,PR,Não informado,Designer,Marketing,MEI/Micro,True,7,iFood,Android,True,Afternoon,True
c39bd9648da14513,45+,AM,acima de R$10k,Consultor,Saúde,MEI/Micro,True,3,iFood,iOS,False,Afternoon,True
f455be20a59922d6,35-44,PR,até R$2k,Professor Sênior,Outros,Pequena,True,2,Ambos,Android,False,Morning,True
700e37eba4f979d7,35-44,SP,acima de R$10k,Analista de Dados,Marketing,Média,True,1,Nenhum,iOS,False,Morning,True
c1c4812a2dc8b525,35-44,RJ,Não informado,Estudante,Saúde,Média,True,5,Rappi,iOS,False,Afternoon,True
5c215398f9743955,35-44,DF,Não informado,Gerente,Outros,MEI/Micro,True,0,Nenhum,iOS,True,Afternoon,True
3572f0a2fead3914,45+,PB,R$6k-R$10k,Estudante,Saúde,Pequena,True,2,Ambos,Android,True,Night,True
9f7e38a2652b8405,35-44,MG,acima de R$10k,Analista de Dados,Finanças,Média,True,0,Nenhum,iOS,False,Night,True
f229a472b1928335,25-34,RS,até R$2k,Coordenador,Finanças,Pequena,True,2,iFood,Android,False,Afternoon,True
8118c37183049a98,25-34,RS,R$4k-R$6k,Estudante,Varejo,Pequena,True,5,iFood,iOS,False,Morning,True
5a4d7e004bc865a7,18-24,ES,R$2k-R$4k,Gerente,Tech,Pequena,True,1,Nenhum,Android,True,Morning,True
680afd9dd1bd8a2c,18-24,AL,Não informado,Diretor Sênior,Varejo,Multinacional,True,1,iFood,iOS,False,Night,True
42f7c21bdc49baff,45+,RN,R$6k-R$10k,Diretor,Outros,Grande,True,2,iFood,Android,False,Night,True
9c0ad6f8c3933d56,25-34,MS,acima de R$10k,Desenvolvedor,Direito,Média,True,2,Rappi,iOS,True,Night,True
e06cac5d61b8de89,Não informado,BA,R$6k-R$10k,Professor de Dados,Varejo,Média,True,5,Ambos,iOS,True,Morning,True
af60c16cc3044767,35-44,SE,Não informado,Diretor,Educação,Grande,True,5,iFood,Android,False,Afternoon,True
8d917e5cc156e068,18-24,MT,R$4k-R$6k,Diretor,Tech,Média,True,2,Ambos,iOS,False,Morning,False
414ea48c5b42f838,25-34,SE,acima de R$10k,Analista,Educação,Grande,True,2,Ambos,Android,False,Night,True
fcb0e21a8459ab47,25-34,SC,R$6k-R$10k,Desenvolvedor,Outros,Grande,True,0,Nenhum,iOS,True,Morning,False
21fbea6cd2b69705,Não informado,AL,até R$2k,Consultor,Tech,Grande,True,1,Rappi,iOS,True,Night,True
48fcd328b0ae855c,45+,AL,R$6k-R$10k,Professor,Educação,Multinacional,True,1,Ambos,Android,True,Afternoon,True
13d543f7a76fce4a,45+,MG,R$4k-R$6k,Analista,Finanças,MEI/Micro,True,2,Rappi,Android,True,Morning,True
84cc7c78f9d40773,45+,CE,Não informado,Analista,Finanças,Pequena,True,5,Rappi,iOS,True,Afternoon,False
130087a0aec346c1,45+,SC,até R$2k,Gerente Sênior,Tech,MEI/Micro,True,5,iFood,Android,True,Morning,True
113c8e95c898e939,25-34,MS,R$2k-R$4k,Estudante,Outros,Média,True,5,Rappi,Android,False,Night,True
44259fa5bd71c1d6,18-24,SC,Não informado,Analista,Tech,MEI/Micro,True,3,iFood,Android,False,Night,True
8f10f09713a718e3,35-44,BA,R$2k-R$4k,Diretor Sênior,Tech,Multinacional,True,3,Nenhum,iOS,True,Night,True
eff229397bf62fd0,Não informado,SE,R$2k-R$4k,Consultor Sênior,Tech,Pequena,True,2,Rappi,Android,True,Morning,True
7dc0d481d522c2f5,25-34,RJ,Não informado,Professor,Outros,Grande,True,2,Nenhum,iOS,True,Morning,False
45f2fb4b1b4a978b,35-44,GO,Não informado,Professor,Saúde,Grande,True,3,Ambos,iOS,False,Night,True
2ec204059529f167,Não informado,AL,R$4k-R$6k,Estudante,Finanças,Média,True,7,Ambos,Android,False,Night,True
f5c9c08c187c9cbb,18-24,PR,R$2k-R$4k,Diretor,Outros,MEI/Micro,True,0,Nenhum,Android,False,Afternoon,True
5238d7c10493601d,25-34,MA,Não informado,Consultor,Marketing,MEI/Micro,True,0,Nenhum,Android,True,Morning,True
e8a182640c3c141a,35-44,RS,R$2k-R$4k,Coordenador,Educação,Média,True,1,iFood,Android,True,Afternoon,True
cbd3d523dfd6930c,Não informado,RS,R$2k-R$4k,Engenheiro,Direito,Pequena,True,0,Nenhum,iOS,False,Morning,True
3ecec70cfff798e4,35-44,PR,R$6k-R$10k,Analista,Finanças,Pequena,True,2,Ambos,Android,False,Night,True
e4b454d2e5941532,25-34,RJ,R$4k-R$6k,Engenheiro,Varejo,Pequena,True,5,Rappi,Android,False,Afternoon,True
b5de8ec42d40acd2,Não informado,PE,até R$2k,Coordenador,Finanças,Pequena,True,0,Nenhum,Android,True,Night,False
e7653738fd791be5,35-44,MG,Não informado,Analista,Educação,Pequena,True,1,iFood,Android,True,Afternoon,True
5ba49ab0df2656f2,Não informado,DF,R$4k-R$6k,Consultor,Finanças,Multinacional,True,3,iFood,Android,False,Morning,True
415b52900ca6e4ae,35-44,RJ,R$4k-R$6k,Designer,Educação,Grande,True,3,iFood,iOS,False,Afternoon,True
d7ba48f2981a8470,25-34,MT,R$2k-R$4k,Estudante,Marketing,Grande,True,1,Nenhum,Android,False,Afternoon,True
a9c09a6817a106f6,25-34,MG,R$4k-R$6k,Diretor,Saúde,Pequena,True,1,Rappi,iOS,True,Night,False
8af2ff76bfb188c0,18-24,MS,Não informado,Professor,Tech,MEI/Micro,True,2,Ambos,Android,False,Night,True
8fe5bdabeefdc946,25-34,BA,R$6k-R$10k,Designer,Educação,Multinacional,True,2,iFood,iOS,False,Night,True
0b3aaead59d5f40c,25-34,BA,R$2k-R$4k,Desenvolvedor,Educação,Média,True,3,Nenhum,iOS,True,Night,False
9125bece92e401f8,25-34,SP,R$2k-R$4k,Designer,Varejo,Média,True,2,Ambos,Android,False,Morning,True
66cca32a5f9149cc,25-34,DF,R$4k-R$6k,Gerente,Marketing,Pequena,True,1,Rappi,Android,False,Afternoon,True
5991a062268b54c1,35-44,CE,R$4k-R$6k,Analista,Saúde,MEI/Micro,True,7,Nenhum,iOS,True,Morning,False
ea6c2712f97d4fba,35-44,MA,Não informado,Professor,Varejo,Grande,True,1,Ambos,Android,False,Afternoon,False
992aa53fd0d25483,35-44,PB,acima de R$10k,Designer,Finanças,Grande,True,2,Ambos,iOS,True,Night,True
48d4997f8b46856f,25-34,AL,Não informado,Estudante Sênior,Varejo,MEI/Micro,True,5,Rappi,Android,True,Night,True
9cd004cc9433cfeb,25-34,ES,R$4k-R$6k,Desenvolvedor,Saúde,Grande,True,1,iFood,Android,True,Night,True
1d285c4c63837332,45+,SP,R$4k-R$6k,Diretor,Varejo,Média,True,1,Nenhum,iOS,False,Morning,False
8efc4531f9bdb328,Não informado,PR,R$2k-R$4k,Estudante,Varejo,MEI/Micro,True,5,Rappi,Android,True,Night,True
157311448e8cf7bf,35-44,PB,até R$2k,Consultor,Educação,Grande,True,2,Ambos,Android,True,Night,True
d16b073b87867243,35-44,MA,R$6k-R$10k,Consultor,Direito,Média,True,1,Rappi,iOS,False,Night,False
1e880055374bf30a,18-24,SE,Não informado,Coordenador de Dados,Finanças,MEI/Micro,True,0,Nenhum,iOS,True,Morning,True
1ccf108f4fec9765,35-44,AM,até R$2k,Engenheiro,Direito,Pequena,True,2,Rappi,Android,False,Morning,False
6e0461e321b61c8a,25-34,PB,R$6k-R$10k,Coordenador de Dados,Tech,Pequena,True,3,Rappi,iOS,False,Morning,True
35e010dcd1d0e0e6,45+,SC,R$2k-R$4k,Estudante,Tech,Grande,True,3,Ambos,iOS,True,Afternoon,True
08e829d75c7e4d3f,25-34,BA,Não informado,Analista,Saúde,Grande,True,5,iFood,iOS,True,Night,False
1f1e96471d14fa8b,35-44,SC,R$4k-R$6k,Estudante,Varejo,Multinacional,True,5,iFood,Android,False,Morning,False
07e86e22919067ac,35-44,SC,Não informado,Gerente,Finanças,Pequena,True,7,Ambos,iOS,False,Afternoon,False
785fa1f567a7a706,Não informado,AM,Não informado,Estudante,Saúde,Multinacional,True,5,Ambos,Android,True,Night,True
e86cb9ca514894e0,18-24,PB,R$6k-R$10k,Professor,Finanças,Multinacional,True,1,iFood,iOS,False,Night,True
18c214c8caa94e7d,25-34,BA,até R$2k,Coordenador Sênior,Finanças,Grande,True,1,Nenhum,iOS,True,Morning,True
9acf26d2c605d27e,35-44,RN,R$2k-R$4k,Engenheiro Sênior,Varejo,Grande,True,1,Rappi,iOS,False,Night,True
53b7a4405edc3814,35-44,SP,Não informado,Desenvolvedor de Dados,Finanças,MEI/Micro,True,0,Nenhum,Android,True,Afternoon,True
38ae4c7489575e0c,25-34,RN,R$4k-R$6k,Consultor,Outros,Grande,True,3,Nenhum,iOS,True,Morning,True
1f19de0739bc0c99,18-24,PB,R$6k-R$10k,Engenheiro,Tech,Média,True,3,Nenhum,iOS,True,Morning,True
167082441cf7d66b,25-34,SP,Não informado,Desenvolvedor,Outros,Multinacional,True,1,Rappi,Android,False,Night,True
b277c7885e7e66d5,35-44,AM,R$2k-R$4k,Desenvolvedor,Marketing,MEI/Micro,True,3,iFood,iOS,False,Night,True
665df5f101bb8958,25-34,PR,R$2k-R$4k,Analista,Tech,Grande,True,1,Rappi,iOS,True,Night,True
a1f50e43c7df049d,18-24,RS,Não informado,Coordenador,Varejo,Grande,True,5,Ambos,iOS,False,Morning,True
80da9a32adc963f9,Não informado,RN,Não informado,Gerente de Dados,Educação,MEI/Micro,True,2,Rappi,Android,False,Night,True
c5a30823fc23b259,35-44,GO,R$4k-R$6k,Designer,Marketing,Multinacional,True,5,Ambos,iOS,True,Afternoon,False
83ee9a4655fadf63,Não informado,RJ,R$6k-R$10k,Coordenador,Tech,Grande,True,3,Ambos,iOS,False,Night,False
ce514e067fcc0e54,18-24,RS,Não informado,Analista,Finanças,Grande,True,2,Nenhum,Android,False,Afternoon,True
cbbb861869a88055,25-34,DF,Não informado,Desenvolvedor,Finanças,Multinacional,True,2,Nenhum,iOS,True,Afternoon,True
0103bc86e518a6e6,Não informado,PE,R$6k-R$10k,Consultor,Outros,MEI/Micro,True,0,Nenhum,iOS,True,Morning,True
e319b874c80a290d,35-44,AM,Não informado,Engenheiro de Dados,Finanças,Multinacional,True,2,Ambos,iOS,True,Night,True
62d8d5404726c646,35-44,AM,até R$2k,Diretor,Tech,Multinacional,True,2,iFood,iOS,False,Night,True
73463deb8e5b59a4,45+,MT,R$6k-R$10k,Consultor,Marketing,MEI/Micro,True,0,Nenhum,iOS,True,Morning,True
cb29d8bd76a7584e,45+,MT,acima de R$10k,Diretor Sênior,Direito,MEI/Micro,True,2,iFood,Android,True,Night,False
d5c9fcbc9db25263,25-34,AM,R$6k-R$10k,Desenvolvedor,Tech,Multinacional,True,0,Nenhum,Android,True,Night,True
2d8d6715980ff010,45+,DF,acima de R$10k,Analista,Tech,Multinacional,True,2,Nenhum,Android,True,Morning,True
3635e9e0f0bd4252,35-44,SP,Não informado,Professor Sênior,Varejo,Média,True,7,Rappi,iOS,True,Night,True
a54aaf84063ccf2f,35-44,RS,R$6k-R$10k,Estudante Sênior,Outros,Pequena,True,7,iFood,iOS,True,Night,True
c1114994228c7e00,25-34,GO,até R$2k,Coordenador,Outros,Multinacional,True,3,Rappi,Android,False,Night,True
c486aa4135ffa503,35-44,AM,R$2k-R$4k,Diretor,Tech,Multinacional,True,3,Nenhum,Android,True,Night,True
68293897b7240e45,45+,PE,Não informado,Desenvolvedor,Finanças,Multinacional,True,7,Ambos,Android,False,Afternoon,True
a7123236ca38c0bf,35-44,DF,Não informado,Gerente,Tech,Pequena,True,2,Ambos,iOS,False,Morning,True
8553a315b6afbbcb,25-34,GO,R$4k-R$6k,Diretor,Educação,Multinacional,True,0,Nenhum,Android,True,Night,True
69723afab115c652,25-34,SP,R$6k-R$10k,Desenvolvedor,Saúde,Pequena,True,1,Rappi,Android,False,Morning,True
d86b5fbd5947863d,25-34,CE,R$2k-R$4k,Professor,Finanças,MEI/Micro,True,5,iFood,Android,False,Afternoon,True
4af143c7418facad,25-34,RS,Não informado,Diretor,Direito,Média,True,3,Ambos,Android,False,Morning,True
a4d216b2b02d46ec,35-44,ES,acima de R$10k,Engenheiro,Finanças,MEI/Micro,True,1,Ambos,iOS,True,Morning,True
53de99ff9555fc2d,25-34,MS,R$2k-R$4k,Engenheiro Sênior,Finanças,MEI/Micro,True,0,Nenhum,iOS,False,Night,True
776aa8ffd9cc35fb,25-34,AM,acima de R$10k,Gerente,Educação,Grande,True,2,Rappi,iOS,False,Morning,True
2b891e7807f40826,25-34,RS,R$6k-R$10k,Professor,Tech,Grande,True,1,Nenhum,Android,False,Morning,True
f64139f3e8cb8262,35-44,GO,R$4k-R$6k,Gerente Sênior,Educação,MEI/Micro,True,2,Rappi,iOS,True,Afternoon,True
41f20f0cdd5a5843,18-24,SE,R$6k-R$10k,Coordenador,Marketing,Multinacional,True,3,Rappi,Android,False,Night,True
293f1d606ef564c0,25-34,PB,R$2k-R$4k,Gerente,Tech,Multinacional,True,7,Ambos,Android,True,Morning,True
b9147f5f153ca985,25-34,MA,Não informado,Consultor,Saúde,Multinacional,True,5,Nenhum,Android,False,Night,True
15ea127e08e4f1bf,35-44,SC,R$4k-R$6k,Professor,Outros,Média,True,0,Nenhum,Android,False,Night,True
13c8f27c8882789f,45+,PB,até R$2k,Professor de Dados,Outros,Pequena,True,0,Nenhum,iOS,False,Morning,True
15b849f8d113684d,45+,CE,até R$2k,Desenvolvedor,Tech,Média,True,3,Rappi,Android,True,Morning,True
757054edc653c744,25-34,AL,até R$2k,Professor,Marketing,Multinacional,True,1,Ambos,iOS,True,Morning,True
d66aef24113ca92b,25-34,MT,R$4k-R$6k,Consultor,Outros,Multinacional,True,2,Nenhum,Android,False,Night,True
2dafa09c714b2f61,25-34,SC,Não informado,Consultor,Tech,Grande,True,0,Nenhum,Android,True,Night,True
aecdeceeb05d40a7,35-44,PE,R$4k-R$6k,Engenheiro,Marketing,Grande,True,2,iFood,Android,False,Morning,True
16d801b143b0b571,Não informado,MS,Não informado,Diretor,Tech,MEI/Micro,True,0,Nenhum,iOS,False,Night,True
608e407a9eeeac85,18-24,PR,R$6k-R$10k,Engenheiro,Educação,MEI/Micro,True,1,Ambos,iOS,False,Night,True
c3dc8c94d1cc9888,35-44,AM,R$2k-R$4k,Diretor,Tech,Pequena,True,0,Nenhum,iOS,False,Night,True
b07f4bb2f25a5f62,18-24,AL,acima de R$10k,Diretor,Finanças,MEI/Micro,True,7,Ambos,Android,False,Night,True
12d21c4141892bb0,25-34,GO,Não informado,Gerente,Outros,Grande,True,1,Nenhum,iOS,False,Night,False
a5f775b7f751f46a,25-34,SP,Não informado,Estudante,Marketing,MEI/Micro,True,1,Nenhum,iOS,False,Morning,True
7d59db4cd18d523b,25-34,SP,Não informado,Analista,Marketing,Grande,True,1,iFood,iOS,False,Night,False
2ab400247f41186a,25-34,SP,R$4k-R$6k,Diretor Sênior,Tech,Grande,True,3,Ambos,iOS,True,Night,True
d8da19caeff005dc,25-34,PB,R$6k-R$10k,Engenheiro,Tech,Multinacional,True,2,Rappi,iOS,True,Morning,True
ab9f519b14f7fc72,35-44,MA,R$4k-R$6k,Analista Sênior,Outros,Pequena,True,5,Nenhum,iOS,False,Morning,True
a117fa6523be44c3,45+,SP,até R$2k,Gerente,Educação,Grande,True,1,Ambos,Android,True,Morning,True
495df60119c5619c,35-44,MA,R$6k-R$10k,Diretor,Tech,Média,True,3,Nenhum,Android,False,Morning,True
3a060b3757cbebdd,Não informado,BA,Não informado,Gerente,Tech,Média,True,0,Nenhum,Android,True,Night,True
8ec0de1f22914e44,25-34,BA,até R$2k,Professor,Finanças,Média,True,0,Nenhum,iOS,False,Morning,True
e8aa2e3220f22769,35-44,SP,R$4k-R$6k,Designer,Tech,Grande,True,7,Nenhum,iOS,True,Night,True
ae46e981a3902a34,35-44,PB,até R$2k,Estudante,Educação,Multinacional,True,2,Nenhum,Android,False,Night,True
b49ef58c291fa472,Não informado,PR,R$6k-R$10k,Professor,Finanças,Média,True,0,Nenhum,iOS,False,Afternoon,True
69157ed7cc013cd5,25-34,ES,acima de R$10k,Designer,Tech,Pequena,True,3,Nenhum,iOS,False,Night,True
962ec75d1e6f2481,Não informado,AM,Não informado,Estudante,Tech,Multinacional,True,7,Nenhum,iOS,True,Morning,False
63e671dfa1c4d02a,45+,SP,até R$2k,Coordenador,Finanças,Pequena,True,7,iFood,Android,False,Morning,True
304889486c361726,35-44,PE,até R$2k,Diretor,Finanças,Grande,True,0,Nenhum,iOS,False,Night,True
cefa0bb1c8c132ad,18-24,RJ,R$4k-R$6k,Engenheiro,Marketing,Pequena,True,1,Ambos,iOS,True,Night,True
55ca3ec3226f471e,35-44,GO,até R$2k,Coordenador,Tech,Média,True,3,iFood,iOS,False,Afternoon,True
9bbdcc23e0302ebd,35-44,RS,Não informado,Engenheiro,Tech,MEI/Micro,True,7,iFood,Android,False,Night,True
7d36845f650db625,25-34,PB,até R$2k,Analista,Outros,Multinacional,True,3,Rappi,Android,False,Night,False
edbdde13c90d0574,35-44,SC,R$6k-R$10k,Consultor,Direito,Grande,True,3,Ambos,iOS,True,Afternoon,True
bb91b9b360d3a126,25-34,MG,até R$2k,Desenvolvedor,Tech,Pequena,True,5,Nenhum,Android,True,Morning,True
2fb065b62f88bbf5,35-44,AM,R$2k-R$4k,Gerente,Direito,MEI/Micro,True,2,Nenhum,iOS,False,Afternoon,True
97eafa9097c5a73b,45+,SP,R$2k-R$4k,Engenheiro,Educação,Multinacional,True,7,Ambos,Android,False,Afternoon,True
15081a9816ca3655,25-34,RS,R$6k-R$10k,Desenvolvedor Sênior,Varejo,Pequena,True,2,Rappi,iOS,True,Night,True
ae847e53331e508b,Não informado,BA,R$4k-R$6k,Coordenador,Educação,Multinacional,True,0,Nenhum,Android,True,Night,True
11da599fd9a26671,35-44,PB,acima de R$10k,Estudante,Direito,MEI/Micro,True,0,Nenhum,iOS,True,Night,True
9147cd6410566a8a,45+,ES,R$4k-R$6k,Diretor,Outros,Grande,True,3,Nenhum,Android,False,Night,True
2c41aac03a04e595,35-44,AM,R$6k-R$10k,Designer,Direito,Grande,True,3,Rappi,Android,True,Afternoon,True
a7b2d96867c1eb5f,Não informado,MG,R$2k-R$4k,Diretor de Dados,Finanças,Grande,True,5,Rappi,Android,False,Morning,True
e1f2ca7a152086cb,45+,SE,Não informado,Diretor,Tech,MEI/Micro,True,2,iFood,iOS,False,Afternoon,True
89ce209dfca55e26,45+,MA,até R$2k,Gerente,Educação,Multinacional,True,2,Nenhum,iOS,False,Morning,True
d2a3b700fd07f3ab,35-44,MT,R$4k-R$6k,Gerente Sênior,Educação,MEI/Micro,True,2,iFood,Android,True,Morning,True
8e3c40c449ec66df,25-34,MA,R$2k-R$4k,Consultor,Tech,Média,True,5,Rappi,iOS,False,Morning,True
471922946e9f3b99,25-34,AL,R$2k-R$4k,Gerente,Marketing,Média,True,5,Ambos,iOS,True,Afternoon,True
9fe7a4ea6cc49c50,18-24,AL,R$4k-R$6k,Diretor,Outros,Grande,True,3,Nenhum,iOS,True,Morning,True
257c68f4ad6f0348,18-24,RJ,R$2k-R$4k,Consultor,Saúde,Média,True,0,Nenhum,iOS,False,Morning,True
059a64a29a4f3aaf,35-44,MS,R$6k-R$10k,Diretor,Educação,Média,True,7,Nenhum,iOS,False,Morning,True
1f3cf9e14668527e,35-44,GO,R$6k-R$10k,Coordenador,Finanças,Média,True,2,Nenhum,iOS,False,Night,True
b2c0e31a9a41f5d3,35-44,PR,até R$2k,Coordenador de Dados,Tech,MEI/Micro,True,1,Nenhum,Android,True,Night,True
2ec2ab4f44d01abb,35-44,MS,Não informado,Engenheiro,Saúde,Multinacional,True,2,iFood,iOS,True,Morning,True
afaa86e83bb30f5a,45+,MT,R$6k-R$10k,Diretor,Saúde,Grande,True,5,Nenhum,iOS,True,Night,False
2dfebb6ff13abe84,25-34,SP,R$2k-R$4k,Diretor,Tech,Multinacional,True,3,iFood,Android,True,Night,True
83d702c07615225f,Não informado,MG,R$6k-R$10k,Gerente,Educação,Pequena,True,2,iFood,Android,True,Morning,True
4b9edfc1e77bd93d,25-34,MS,R$6k-R$10k,Coordenador,Varejo,MEI/Micro,True,3,Rappi,Android,False,Night,True
cb05bb2f3634e514,25-34,DF,Não informado,Estudante,Outros,Pequena,True,7,Rappi,iOS,False,Afternoon,False
c72216ad02cb1cb9,25-34,MT,Não informado,Coordenador,Educação,Média,True,7,iFood,Android,False,Afternoon,True
b4ffe7bd786987e6,25-34,BA,R$6k-R$10k,Professor,Educação,Pequena,True,1,iFood,Android,False,Night,True
8d5f2e57066d360f,25-34,SE,R$2k-R$4k,Professor,Varejo,Grande,True,1,Rappi,iOS,True,Night,True
2c3376ebb9efefff,25-34,RN,R$2k-R$4k,Engenheiro de Dados,Marketing,MEI/Micro,True,0,Nenhum,iOS,True,Morning,False
b3593cb164ece2ba,Não informado,SE,R$6k-R$10k,Gerente,Saúde,MEI/Micro,True,5,Nenhum,iOS,True,Night,True
baa8f1c70609f369,25-34,DF,Não informado,Diretor,Varejo,Grande,True,7,Nenhum,iOS,True,Night,True
c630957a319297ff,35-44,PE,R$6k-R$10k,Desenvolvedor,Finanças,Grande,True,7,iFood,iOS,True,Night,True
091d3667dcd96332,35-44,MS,Não informado,Engenheiro de Dados,Tech,Pequena,True,5,Rappi,Android,False,Night,False
467b89d037bd9a42,25-34,MA,R$4k-R$6k,Gerente Sênior,Outros,MEI/Micro,True,5,Ambos,iOS,False,Night,True
d7f63dda905adaec,35-44,PE,R$4k-R$6k,Analista,Tech,Grande,True,7,Rappi,iOS,True,Night,True
4e8e91232e0081dc,25-34,BA,Não informado,Consultor,Varejo,Pequena,True,2,Nenhum,Android,False,Night,True
fae5a61ca0c79231,35-44,AM,acima de R$10k,Analista,Varejo,Multinacional,True,3,Rappi,iOS,False,Afternoon,True
750de4b24a944829,45+,SP,R$4k-R$6k,Designer,Varejo,Multinacional,True,1,Nenhum,iOS,True,Night,True
8d55143f721aa789,25-34,AL,até R$2k,Consultor,Finanças,Grande,True,2,Rappi,iOS,False,Night,True
ac0c2f5b24930162,35-44,RN,R$4k-R$6k,Gerente,Finanças,Média,True,2,Nenhum,Android,True,Afternoon,True
a962502b103ec5f8,35-44,SC,até R$2k,Desenvolvedor,Finanças,MEI/Micro,True,2,Ambos,iOS,False,Night,True
e9009f71cfa72631,35-44,RN,Não informado,Consultor,Finanças,MEI/Micro,True,7,iFood,Android,True,Morning,True
b51295c38f18098d,25-34,SE,R$6k-R$10k,Gerente,Educação,Multinacional,True,3,Ambos,Android,True,Afternoon,True
cdfafdc1dadca716,25-34,BA,Não informado,Desenvolvedor,Tech,MEI/Micro,True,2,Ambos,iOS,False,Afternoon,True
fbc5a628d380fefb,25-34,ES,R$4k-R$6k,Diretor,Outros,Grande,True,2,iFood,iOS,False,Night,True
ac7e3c13ec5e74f8,35-44,MT,R$2k-R$4k,Gerente,Tech,Grande,True,2,iFood,iOS,False,Night,True
e97d41766485236b,18-24,RJ,até R$2k,Consultor,Finanças,Multinacional,True,2,Ambos,iOS,False,Morning,True
71d4421f5c159be1,18-24,MS,R$6k-R$10k,Diretor,Tech,Multinacional,True,5,Ambos,Android,True,Night,False
15167094011cfcab,35-44,ES,Não informado,Engenheiro de Dados,Finanças,Média,True,1,Rappi,Android,True,Night,True
2b1aa5514d25cf8c,25-34,AM,até R$2k,Designer,Finanças,MEI/Micro,True,0,Nenhum,Android,True,Morning,True
441c2b988377df5d,45+,MT,R$4k-R$6k,Estudante Sênior,Marketing,Grande,True,0,Nenhum,iOS,True,Morning,True
8f1f9bed52ffbaab,Não informado,ES,Não informado,Desenvolvedor,Tech,MEI/Micro,True,1,Rappi,Android,False,Morning,True
3a2d294bec25d544,25-34,GO,Não informado,Gerente,Tech,Média,True,2,iFood,Android,True,Night,True
40dc9320a15e1a0b,25-34,RN,R$4k-R$6k,Desenvolvedor,Saúde,Média,True,1,Nenhum,iOS,False,Afternoon,True
4e5d4dd8a1ecc313,25-34,AL,R$2k-R$4k,Gerente,Tech,Grande,True,1,Nenhum,Android,False,Night,True
e9bef9ab2bd17923,25-34,MA,R$6k-R$10k,Engenheiro Sênior,Saúde,Multinacional,True,2,Rappi,iOS,False,Night,True
5448ada49344ee59,Não informado,RS,até R$2k,Coordenador,Direito,MEI/Micro,True,2,Ambos,Android,True,Morning,True
b34af47e53943312,25-34,MA,R$2k-R$4k,Professor,Finanças,Grande,True,0,Nenhum,iOS,True,Morning,True
b8cbfef06810d324,18-24,PR,acima de R$10k,Professor,Outros,MEI/Micro,True,5,Ambos,Android,True,Afternoon,False
f8c3df2555e113f1,25-34,RS,R$6k-R$10k,Desenvolvedor,Outros,MEI/Micro,True,2,Ambos,Android,True,Night,False
18e4dafae5b96a5c,45+,RS,acima de R$10k,Gerente,Marketing,Pequena,True,3,Ambos,iOS,False,Night,True
28de25b341b1f30f,25-34,MG,Não informado,Gerente,Outros,Grande,True,2,Rappi,Android,False,Afternoon,True
f9486dabacfd48d9,Não informado,RS,Não informado,Gerente,Outros,Multinacional,True,5,Ambos,iOS,False,Night,True
a85e964994e352d7,35-44,PR,Não informado,Coordenador Sênior,Outros,Multinacional,True,3,Rappi,Android,False,Night,True
070044d44271a8f6,45+,AL,Não informado,Diretor,Outros,Grande,True,2,Rappi,iOS,False,Morning,True
7bcc1dd8569405a0,35-44,SP,R$6k-R$10k,Engenheiro,Tech,Média,True,2,Ambos,iOS,True,Afternoon,True
c5810c3ffdc76ab7,35-44,RN,Não informado,Estudante,Outros,MEI/Micro,True,3,Ambos,Android,False,Night,True
35274d57b7d5e2da,18-24,SC,acima de R$10k,Diretor,Varejo,Multinacional,True,3,Ambos,Android,True,Night,True
196cffab83a7beee,45+,MT,Não informado,Designer,Educação,Média,True,2,Rappi,iOS,False,Night,True
fe2424c3aa7fb790,35-44,MG,R$2k-R$4k,Diretor de Dados,Finanças,Multinacional,True,2,Ambos,Android,False,Night,True
51c0c15ec5cb5c40,35-44,PE,R$4k-R$6k,Professor,Educação,Pequena,True,2,Ambos,iOS,False,Night,True
91d43131f54a7fc8,25-34,BA,até R$2k,Gerente,Educação,Média,True,0,Nenhum,iOS,False,Night,True
e3a33063975677b7,45+,GO,até R$2k,Professor,Outros,Grande,True,1,Nenhum,iOS,False,Afternoon,True
b41aa100f297ab56,18-24,CE,acima de R$10k,Analista,Finanças,MEI/Micro,True,1,iFood,iOS,False,Morning,True
121f4772958f3c96,45+,SC,até R$2k,Analista,Varejo,Multinacional,True,2,Nenhum,Android,False,Morning,True
38861ddecdb6e602,25-34,SC,acima de R$10k,Consultor,Direito,Média,True,2,Ambos,iOS,True,Night,False
1d09e06cec59d4d1,35-44,MT,até R$2k,Designer,Tech,MEI/Micro,True,2,Ambos,Android,False,Morning,True
ee04bdc1b541ab93,25-34,MG,até R$2k,Estudante,Outros,MEI/Micro,True,1,Ambos,iOS,True,Night,True
697374949c7e26f9,25-34,RJ,R$6k-R$10k,Designer de Dados,Educação,Multinacional,True,2,Ambos,Android,True,Afternoon,True
eac2942a0837729a,35-44,DF,R$4k-R$6k,Gerente,Outros,Multinacional,True,1,Ambos,iOS,False,Night,False
c72b51dfba469134,Não informado,RS,R$2k-R$4k,Analista,Finanças,Grande,True,2,Ambos,iOS,False,Night,True
7b4dc98c5124720f,Não informado,AM,acima de R$10k,Coordenador,Educação,Multinacional,True,5,Nenhum,iOS,False,Afternoon,True
223c3018b5bcda91,Não informado,PB,R$4k-R$6k,Desenvolvedor Sênior,Tech,MEI/Micro,True,2,Rappi,iOS,True,Morning,True
48965df8955fafbc,25-34,BA,Não informado,Designer,Varejo,MEI/Micro,True,2,Ambos,Android,False,Morning,False
e5a91af114ab4427,18-24,PR,Não informado,Gerente,Outros,Pequena,True,3,iFood,Android,False,Night,True
02134a50a8dd9be7,45+,PE,até R$2k,Designer Sênior,Marketing,Média,True,0,Nenhum,Android,False,Afternoon,True
4ccab4488c89c7ff,25-34,DF,Não informado,Analista,Tech,Pequena,True,2,iFood,iOS,False,Morning,True
70c8ca4fcc96accb,Não informado,MT,R$6k-R$10k,Estudante,Tech,MEI/Micro,True,1,Nenhum,iOS,False,Morning,True
7ce4d499f7f630ef,Não informado,ES,Não informado,Consultor de Dados,Tech,Grande,True,0,Nenhum,iOS,True,Night,True
1c6051e87f325c6d,18-24,AM,acima de R$10k,Desenvolvedor,Saúde,Pequena,True,2,Nenhum,iOS,True,Night,True
07a280a36f6689d7,25-34,MG,R$2k-R$4k,Estudante,Tech,Grande,True,7,Ambos,iOS,False,Afternoon,True
9c7ebbf7945bb556,45+,MT,R$6k-R$10k,Diretor,Varejo,MEI/Micro,True,2,iFood,Android,False,Morning,True
8014fede57684b73,18-24,GO,R$2k-R$4k,Analista,Marketing,MEI/Micro,True,3,Rappi,Android,False,Night,True
39f58685f9b7ec2f,25-34,PR,Não informado,Coordenador,Varejo,Média,True,3,iFood,Android,False,Morning,True
5b4e1ace33ba53da,Não informado,AL,R$2k-R$4k,Estudante,Tech,Pequena,True,3,Ambos,iOS,False,Night,True
dafd005720a74223,35-44,MT,R$2k-R$4k,Professor,Varejo,Multinacional,True,5,iFood,iOS,False,Morning,True
fa5bb83eff34ffb2,25-34,MG,R$2k-R$4k,Engenheiro,Saúde,Pequena,True,2,Rappi,Android,True,Night,True
342ba2c0d3b123e5,25-34,CE,R$4k-R$6k,Gerente,Marketing,Multinacional,True,2,Ambos,Android,False,Night,True
514a6ff94b89ddd5,25-34,SE,R$4k-R$6k,Diretor,Outros,Média,True,2,Rappi,iOS,True,Morning,True
43b3a0166dbab076,35-44,MA,R$6k-R$10k,Designer,Marketing,Multinacional,True,0,Nenhum,iOS,True,Morning,True
27feffeea2151797,25-34,GO,R$4k-R$6k,Designer,Finanças,Pequena,True,2,iFood,iOS,False,Night,True
ad2eb3aa95f3abda,18-24,MA,até R$2k,Diretor,Outros,Média,True,0,Nenhum,Android,False,Night,True
79bc993fcdd7867e,18-24,DF,R$2k-R$4k,Designer,Educação,Multinacional,True,7,iFood,Android,True,Afternoon,True
778456a6a645e375,25-34,PE,acima de R$10k,Estudante,Finanças,Multinacional,True,7,Nenhum,iOS,False,Night,True
fe8b91cdec6fe6a9,Não informado,SE,R$4k-R$6k,Engenheiro,Finanças,Média,True,2,Nenhum,Android,False,Night,True
5f96cf0980ac4289,25-34,MG,R$2k-R$4k,Diretor,Outros,Multinacional,True,0,Nenhum,iOS,False,Afternoon,True
86e41ba0898de083,Não informado,RN,até R$2k,Diretor,Direito,MEI/Micro,True,5,Rappi,Android,False,Night,True
f9e7ac413859fedc,Não informado,MG,R$2k-R$4k,Professor,Tech,Média,True,2,iFood,Android,True,Night,True
266f6d334dff45ac,25-34,SC,acima de R$10k,Estudante,Tech,Média,True,2,iFood,Android,False,Night,True
a040ed29d1b4a4c1,25-34,ES,Não informado,Professor de Dados,Saúde,Multinacional,True,3,Ambos,Android,False,Morning,True
07124643bcf3f31e,25-34,GO,até R$2k,Estudante,Varejo,Grande,True,5,iFood,Android,True,Night,True
95a19db11c790773,35-44,MT,Não informado,Coordenador,Outros,Pequena,True,2,Rappi,iOS,True,Night,False
f366c03d667bbb41,25-34,MG,Não informado,Diretor,Tech,Multinacional,True,1,iFood,Android,False,Morning,True
cb4d09da69be2356,18-24,CE,Não informado,Engenheiro,Outros,Média,True,1,Rappi,iOS,True,Night,True
5f2e4b7df9c16cc1,18-24,RN,R$4k-R$6k,Consultor,Saúde,Multinacional,True,7,Nenhum,Android,False,Night,False
550c909b9ecef4e9,25-34,PR,R$2k-R$4k,Diretor,Direito,Multinacional,True,3,iFood,iOS,True,Morning,True
2f68726ee1c2c818,25-34,AL,R$6k-R$10k,Consultor,Tech,Média,True,1,Rappi,Android,False,Night,False
51c9b37e285a80a2,Não informado,PR,Não informado,Estudante,Educação,Grande,True,2,Nenhum,Android,False,Morning,True
79d70cb64ce77d35,18-24,BA,R$2k-R$4k,Designer de Dados,Educação,MEI/Micro,True,0,Nenhum,Android,False,Morning,True
60234be6ad4e91d0,Não informado,MG,acima de R$10k,Diretor,Finanças,Pequena,True,0,Nenhum,iOS,True,Night,True
d3095f13df536ecb,18-24,MG,acima de R$10k,Designer,Varejo,Média,True,1,Nenhum,iOS,True,Afternoon,True
306bb57c117da8a8,45+,MA,R$2k-R$4k,Engenheiro,Outros,MEI/Micro,True,3,Ambos,Android,True,Morning,True
471b4c2139fb4819,25-34,AL,até R$2k,Coordenador Sênior,Outros,MEI/Micro,True,2,Nenhum,Android,True,Night,True
78335d56e71ad154,25-34,ES,Não informado,Engenheiro,Educação,Média,True,3,iFood,iOS,False,Night,True
039279ad8348a9f5,18-24,SP,Não informado,Gerente de Dados,Tech,MEI/Micro,True,1,iFood,Android,True,Morning,True
bc4c85204f767ba7,Não informado,BA,R$4k-R$6k,Analista,Varejo,Pequena,True,1,Rappi,iOS,True,Night,True
88f13b9414f90b78,25-34,RS,R$4k-R$6k,Estudante,Outros,Grande,True,3,Nenhum,iOS,False,Night,True
b357a9d276b7483a,Não informado,GO,acima de R$10k,Coordenador,Finanças,Média,True,2,Rappi,iOS,True,Afternoon,True
37cf5eeb13bc6e11,35-44,GO,R$2k-R$4k,Engenheiro,Outros,Grande,True,3,Nenhum,iOS,False,Afternoon,True
720de2108db15041,25-34,MA,R$6k-R$10k,Consultor,Finanças,Grande,True,0,Nenhum,iOS,True,Night,True
5016a0da77d564ec,25-34,MS,até R$2k,Desenvolvedor,Marketing,Média,True,1,iFood,iOS,True,Night,False
157386345f7e14ad,18-24,PE,R$6k-R$10k,Diretor,Direito,Média,True,3,Ambos,iOS,True,Morning,True
a889b7f4bb9c00b4,35-44,GO,R$2k-R$4k,Diretor,Marketing,Média,True,2,iFood,iOS,False,Morning,True
8532cb580f12f0ca,45+,SC,R$6k-R$10k,Coordenador,Tech,Grande,True,0,Nenhum,Android,False,Night,True
5f624a3f1fc47179,35-44,SE,R$4k-R$6k,Consultor,Saúde,Multinacional,True,3,Rappi,iOS,False,Morning,False
389ae1526e459526,25-34,MA,R$2k-R$4k,Engenheiro,Finanças,MEI/Micro,True,3,Ambos,Android,False,Night,True
0ec1da7ddcfe3548,35-44,RS,R$2k-R$4k,Engenheiro,Direito,Grande,True,7,iFood,Android,True,Morning,True
c658312def86a7c2,25-34,MG,R$6k-R$10k,Consultor,Marketing,Média,True,1,Ambos,iOS,False,Morning,False
ea739162cc1e0e61,Não informado,RJ,Não informado,Gerente,Marketing,Pequena,True,2,Ambos,Android,False,Afternoon,True
78fbb5d25caf3ed1,35-44,MG,até R$2k,Analista,Finanças,Média,True,1,Ambos,iOS,False,Night,True
0db9712fde3a107b,25-34,AM,R$2k-R$4k,Professor,Saúde,Multinacional,True,2,Rappi,iOS,False,Night,True
b56bfd06f2ad5853,Não informado,MA,R$6k-R$10k,Analista,Tech,Multinacional,True,1,iFood,iOS,True,Night,True
f4e1fd12484148cf,25-34,SC,Não informado,Desenvolvedor,Outros,Pequena,True,1,Ambos,Android,False,Morning,True
02c3c251f0f99a48,35-44,MA,Não informado,Desenvolvedor,Educação,MEI/Micro,True,5,Rappi,iOS,True,Morning,True
ca1aae547097fe11,18-24,AL,R$2k-R$4k,Diretor,Direito,Multinacional,True,1,Nenhum,iOS,True,Afternoon,True
dc5e164a79756af8,25-34,SE,R$6k-R$10k,Designer,Tech,Pequena,True,0,Nenhum,Android,False,Morning,True
1960a53482a468bc,Não informado,RS,Não informado,Engenheiro,Tech,Pequena,True,0,Nenhum,Android,True,Night,True
e66c213d52918c5f,25-34,RS,Não informado,Designer,Finanças,Média,True,0,Nenhum,Android,False,Morning,True
5eaa4882c99cedda,25-34,MT,até R$2k,Engenheiro,Educação,Multinacional,True,0,Nenhum,iOS,False,Morning,False
6220de621fef79b8,Não informado,MS,R$2k-R$4k,Diretor,Educação,Média,True,3,Nenhum,iOS,False,Morning,False
b652dabbde2b21da,35-44,ES,R$6k-R$10k,Gerente,Educação,Grande,True,2,Ambos,iOS,True,Afternoon,True
9e8bd2b9aad9de6d,Não informado,BA,R$2k-R$4k,Coordenador,Educação,MEI/Micro,True,1,Rappi,Android,False,Night,True
0cc8142e844ef06b,Não informado,SC,R$4k-R$6k,Engenheiro,Saúde,Pequena,True,0,Nenhum,Android,False,Night,True
0c210547e4728142,35-44,RJ,acima de R$10k,Designer,Varejo,Pequena,True,1,Rappi,Android,True,Morning,True
a4fef75c1ced800d,Não informado,AM,R$6k-R$10k,Analista,Outros,Grande,True,5,iFood,iOS,False,Morning,True
18100c03c95fc9f5,25-34,ES,R$4k-R$6k,Estudante,Tech,Pequena,True,1,Rappi,iOS,False,Night,True
8601e17012b234bb,25-34,RS,R$4k-R$6k,Coordenador,Direito,Grande,True,7,Ambos,iOS,True,Night,True
da6d5f8c4a45c822,35-44,RS,R$2k-R$4k,Consultor,Educação,Grande,True,0,Nenhum,iOS,False,Morning,True
9f4ac8daed21fe16,Não informado,SC,Não informado,Coordenador,Educação,MEI/Micro,True,2,Rappi,iOS,False,Afternoon,True
697e9e150e91bb76,35-44,BA,acima de R$10k,Analista,Finanças,Média,True,2,Nenhum,Android,False,Night,True
93d78aff1e0c0bc5,45+,AM,até R$2k,Professor,Outros,Grande,True,3,Rappi,Android,False,Night,True
38b7b9af2a098012,35-44,SE,Não informado,Gerente,Outros,Pequena,True,1,iFood,Android,False,Night,True
6e5a184ba2865fde,35-44,AL,Não informado,Gerente,Outros,Grande,True,1,iFood,Android,True,Night,True
408690232dbee268,35-44,PE,R$4k-R$6k,Diretor,Outros,MEI/Micro,True,7,Nenhum,iOS,True,Night,True
008b64b22c8c3d43,45+,RJ,acima de R$10k,Coordenador,Educação,Pequena,True,3,Nenhum,Android,False,Night,True
659f5b9aa04f49eb,35-44,AL,R$6k-R$10k,Analista,Tech,MEI/Micro,True,5,iFood,Android,False,Afternoon,True
ec3e64424f86dd42,45+,PB,R$2k-R$4k,Diretor,Finanças,Média,True,3,Ambos,iOS,True,Night,True
5d43a4d0a861d7f7,Não informado,SC,R$4k-R$6k,Professor,Tech,Pequena,True,1,Ambos,iOS,True,Afternoon,True
8c3a700016e4e404,35-44,SE,Não informado,Engenheiro,Finanças,Média,True,1,Nenhum,Android,True,Morning,True
f19f7b38f83a2cae,25-34,AL,R$4k-R$6k,Designer,Saúde,Multinacional,True,0,Nenhum,iOS,True,Night,False
18a998aebf9cd602,Não informado,MA,Não informado,Engenheiro,Outros,Média,True,3,Rappi,iOS,False,Night,True
6f566ed75b881faf,45+,RJ,R$2k-R$4k,Consultor,Outros,Média,True,2,iFood,iOS,True,Afternoon,True
6aad67694a65a9e5,18-24,RS,R$4k-R$6k,Consultor,Outros,Média,True,0,Nenhum,iOS,True,Morning,True
6e83889f83f14b72,18-24,GO,R$4k-R$6k,Coordenador,Educação,Multinacional,True,0,Nenhum,Android,True,Afternoon,False
c6a8b04d39bc22e0,18-24,PE,Não informado,Analista,Saúde,MEI/Micro,True,3,Rappi,iOS,True,Night,False
a92511d215cc19e5,Não informado,SC,R$2k-R$4k,Engenheiro,Educação,Grande,True,3,Ambos,Android,False,Afternoon,True
3070d41f63d88c74,25-34,SP,Não informado,Estudante,Outros,Multinacional,True,5,iFood,iOS,True,Morning,True
79214fed491f4470,25-34,PB,R$6k-R$10k,Diretor,Tech,Média,True,2,Ambos,iOS,False,Afternoon,True
145a39171ec6bfb9,25-34,ES,R$4k-R$6k,Estudante Sênior,Educação,Média,True,2,iFood,iOS,True,Night,True
00408a184aeda9b1,35-44,GO,R$4k-R$6k,Designer,Finanças,Média,True,1,iFood,Android,False,Morning,True
a234dc1dfd65bbc5,45+,AL,R$4k-R$6k,Coordenador,Educação,Média,True,3,Rappi,iOS,True,Morning,True
da0ec8f7a29192bd,25-34,AL,R$4k-R$6k,Diretor,Varejo,MEI/Micro,True,3,Rappi,iOS,True,Afternoon,True
02d81d767faef2c3,35-44,SP,R$2k-R$4k,Gerente,Outros,MEI/Micro,True,2,iFood,iOS,False,Afternoon,True
2ede37eb950d8e4e,45+,MG,acima de R$10k,Engenheiro,Educação,Multinacional,True,3,Nenhum,Android,False,Afternoon,True
051a1550062c4924,Não informado,DF,Não informado,Estudante,Tech,Grande,True,7,Nenhum,iOS,True,Afternoon,False
951477082f97668d,25-34,RS,até R$2k,Analista,Finanças,Média,True,2,Rappi,Android,False,Night,True
37b2fb58003e0077,25-34,DF,R$2k-R$4k,Estudante,Tech,Grande,True,5,iFood,Android,True,Morning,True
776f5bdb542f5aa9,18-24,PE,até R$2k,Coordenador,Saúde,Grande,True,7,Nenhum,iOS,False,Night,True
c6680bd652caa67f,45+,GO,até R$2k,Gerente,Finanças,Multinacional,True,1,Rappi,Android,False,Morning,True
c921edb2505d78bd,35-44,BA,R$2k-R$4k,Professor,Varejo,MEI/Micro,True,1,Rappi,iOS,False,Afternoon,True
d7bf641387f1024d,35-44,SC,até R$2k,Professor,Tech,MEI/Micro,True,0,Nenhum,iOS,False,Afternoon,True
bb9d7d1ca71f5fe8,45+,PE,R$6k-R$10k,Coordenador,Tech,Grande,True,2,Rappi,Android,True,Night,True
1810c131fe33ffa3,35-44,DF,Não informado,Designer,Outros,MEI/Micro,True,5,Ambos,iOS,False,Morning,True
449f4b27c1698c2d,18-24,MG,Não informado,Coordenador,Finanças,Grande,True,2,Rappi,iOS,True,Morning,True
752c76dfded265d0,35-44,CE,R$2k-R$4k,Gerente de Dados,Marketing,Grande,True,2,Rappi,iOS,True,Morning,True
ca710a0d92fb7869,25-34,GO,R$2k-R$4k,Consultor,Tech,Pequena,True,2,Nenhum,iOS,False,Night,True
2eb292f7075daefe,25-34,RJ,R$6k-R$10k,Consultor,Finanças,Multinacional,True,0,Nenhum,Android,False,Morning,True
b38ee70c0fd01feb,25-34,MT,R$4k-R$6k,Estudante,Saúde,Pequena,True,0,Nenhum,Android,False,Night,True
df172cad9cad1cc4,18-24,SE,Não informado,Professor,Educação,MEI/Micro,True,3,Rappi,Android,True,Night,True
fde2c55eacab4b61,25-34,SC,Não informado,Professor,Tech,MEI/Micro,True,7,Nenhum,iOS,True,Night,True
8c0fbac1281d313f,25-34,RN,R$4k-R$6k,Consultor,Educação,Média,True,3,Nenhum,iOS,True,Night,True
c133d38e2bdf1ed2,45+,PR,R$6k-R$10k,Gerente Sênior,Outros,Pequena,True,1,Nenhum,Android,True,Night,True
f5d157172ee579ad,35-44,PR,até R$2k,Analista,Educação,Média,True,1,Rappi,iOS,False,Night,False
c8fb2a7e36080712,35-44,PB,acima de R$10k,Gerente,Saúde,Pequena,True,3,Nenhum,iOS,False,Afternoon,True
108876366fb542f2,45+,PR,R$4k-R$6k,Coordenador,Educação,Multinacional,True,0,Nenhum,iOS,False,Morning,True
9fcc295398a192a9,18-24,SP,até R$2k,Analista,Marketing,Pequena,True,2,Rappi,iOS,True,Afternoon,False
d25bd87c677e2977,45+,AL,R$2k-R$4k,Professor Sênior,Tech,Multinacional,True,1,iFood,iOS,True,Night,True
0a8fb62d2c4a4cb2,25-34,PE,R$4k-R$6k,Gerente,Marketing,MEI/Micro,True,0,Nenhum,Android,True,Afternoon,True
a24ef9741dee7bb2,25-34,SP,acima de R$10k,Designer de Dados,Direito,Multinacional,True,2,Nenhum,iOS,True,Afternoon,False
8eb7d9be5d64ba04,25-34,CE,R$2k-R$4k,Engenheiro,Tech,Média,True,2,Nenhum,Android,False,Morning,True
6c6d167e15c963fe,Não informado,ES,R$2k-R$4k,Coordenador,Educação,Pequena,True,2,iFood,Android,False,Morning,True
18c699b2aec38142,25-34,RJ,acima de R$10k,Analista,Educação,MEI/Micro,True,2,iFood,Android,True,Night,True
41c094af2900e98b,18-24,BA,Não informado,Diretor,Outros,Pequena,True,7,iFood,Android,True,Night,True
5010eed5bf1930db,45+,ES,Não informado,Professor,Tech,Pequena,True,5,Rappi,Android,True,Night,True
00abfc1dd7778d70,25-34,CE,acima de R$10k,Desenvolvedor de Dados,Tech,Multinacional,True,7,Rappi,Android,False,Morning,True
77a4fa9ca057c3b1,Não informado,BA,R$2k-R$4k,Gerente,Tech,MEI/Micro,True,2,Rappi,Android,False,Morning,True
c38f2a324f8282c3,25-34,MT,acima de R$10k,Coordenador,Finanças,MEI/Micro,True,3,Nenhum,Android,True,Afternoon,True
36db76a944a53813,35-44,MG,R$4k-R$6k,Engenheiro de Dados,Outros,Média,True,3,Rappi,Android,True,Night,True
213522cecfef4aed,35-44,CE,até R$2k,Diretor Sênior,Tech,Média,True,2,Nenhum,Android,False,Night,False
9b6b9554f8e67312,45+,MS,R$6k-R$10k,Analista,Outros,MEI/Micro,True,2,iFood,iOS,True,Night,True
560c0f9f5ecd5d05,Não informado,RJ,R$2k-R$4k,Professor,Finanças,Pequena,True,2,Rappi,iOS,True,Afternoon,True
cc5f7feeed39668e,45+,AM,Não informado,Professor,Outros,Média,True,1,Rappi,iOS,False,Morning,True
2d98d238cd76bf0d,25-34,RS,R$4k-R$6k,Engenheiro,Direito,Grande,True,1,iFood,iOS,False,Night,True
def3dc6c6d55cf4a,25-34,GO,R$2k-R$4k,Desenvolvedor,Outros,MEI/Micro,True,5,Ambos,Android,True,Morning,True
62a561fa5d7dbc69,Não informado,SE,acima de R$10k,Gerente Sênior,Tech,Grande,True,3,iFood,iOS,False,Night,True
18a57b25f729d853,25-34,AM,Não informado,Consultor Sênior,Tech,Grande,True,2,Nenhum,Android,False,Night,True
195b60891ead3d97,25-34,MT,Não informado,Professor,Outros,Pequena,True,3,Rappi,Android,True,Morning,True
189d7e1185ae0a5e,25-34,ES,R$4k-R$6k,Desenvolvedor,Varejo,Multinacional,True,7,Nenhum,iOS,True,Night,True
ce06bdfab9b75237,Não informado,GO,R$2k-R$4k,Engenheiro,Direito,Multinacional,True,3,Ambos,iOS,False,Night,True
d8457303347d5b14,25-34,RJ,R$2k-R$4k,Diretor,Varejo,Multinacional,True,5,iFood,Android,False,Morning,True
1a87c04fd69d6335,25-34,RN,R$2k-R$4k,Analista,Outros,Média,True,2,Ambos,Android,True,Morning,True
d64924896a571db1,25-34,RS,Não informado,Diretor,Saúde,Média,True,1,Nenhum,iOS,False,Morning,True
803393033a95cdd5,Não informado,MG,até R$2k,Engenheiro,Outros,MEI/Micro,True,3,Nenhum,iOS,False,Morning,True
94dd18149f7303b2,25-34,PE,Não informado,Professor,Saúde,MEI/Micro,True,7,Nenhum,Android,True,Afternoon,True
4d06a286056defa2,Não informado,PB,R$2k-R$4k,Coordenador,Educação,Grande,True,0,Nenhum,Android,True,Night,True
1554f619e79b26ff,25-34,MG,R$2k-R$4k,Diretor,Outros,Multinacional,True,1,Ambos,iOS,True,Morning,True
b1b0d9d62879caf2,45+,MT,R$6k-R$10k,Desenvolvedor,Tech,Média,True,3,iFood,iOS,True,Night,False
21895593715072cd,25-34,MG,R$4k-R$6k,Diretor,Direito,MEI/Micro,True,2,Rappi,iOS,True,Morning,True
202f35f0bd60fca7,18-24,DF,R$6k-R$10k,Engenheiro,Finanças,MEI/Micro,True,2,Ambos,iOS,False,Morning,True
c0a3f91f3d0da3c4,35-44,MA,R$4k-R$6k,Gerente,Outros,Multinacional,True,2,Nenhum,iOS,True,Afternoon,True
50c02697591c786a,Não informado,AM,R$2k-R$4k,Consultor,Marketing,MEI/Micro,True,2,Rappi,Android,False,Afternoon,True
47e29874989f6371,25-34,SE,acima de R$10k,Gerente,Educação,Grande,True,3,Rappi,Android,True,Morning,True
c50420da9cbcaf3b,35-44,SE,R$4k-R$6k,Coordenador,Marketing,Multinacional,True,3,Rappi,Android,False,Morning,True
1cedb93253406446,35-44,MA,Não informado,Analista,Marketing,Multinacional,True,3,iFood,iOS,False,Morning,True
7174d7e158d97268,35-44,DF,R$4k-R$6k,Analista,Finanças,Multinacional,True,5,iFood,iOS,False,Morning,True
bc9b37d346c5a13e,35-44,DF,R$6k-R$10k,Engenheiro,Tech,MEI/Micro,True,5,Rappi,iOS,True,Night,True
8421f145fdf5532d,25-34,ES,Não informado,Diretor,Tech,Média,True,2,Ambos,Android,True,Night,True
ca28bc4c87371ba3,45+,GO,R$6k-R$10k,Diretor,Marketing,Média,True,3,Ambos,iOS,True,Night,False
2aba7e7ce150875d,25-34,RS,Não informado,Professor de Dados,Outros,Média,True,1,Nenhum,iOS,True,Morning,True
489731a4e6b0871d,35-44,AM,até R$2k,Consultor,Marketing,Multinacional,True,2,Nenhum,iOS,True,Night,True
786246b575d3fbbc,25-34,RS,R$4k-R$6k,Coordenador,Varejo,Grande,True,3,Ambos,iOS,False,Morning,True
21a563daec1ccdca,25-34,AL,acima de R$10k,Consultor,Saúde,Multinacional,True,7,Rappi,Android,False,Night,True
5fffa432ffd403d2,25-34,RJ,Não informado,Gerente Sênior,Varejo,Pequena,True,1,Ambos,iOS,False,Night,True
8d22ec854877c384,45+,BA,R$4k-R$6k,Engenheiro de Dados,Tech,Média,True,0,Nenhum,Android,False,Afternoon,True
8b262a875807623a,Não informado,AM,acima de R$10k,Coordenador,Direito,Média,True,5,Nenhum,iOS,True,Afternoon,True
f1e57846ffe12664,25-34,AM,R$4k-R$6k,Designer,Marketing,MEI/Micro,True,1,iFood,iOS,False,Night,True
452f5c74bad815e6,45+,SP,R$4k-R$6k,Designer,Outros,Média,True,0,Nenhum,iOS,False,Night,True
88d56f3be66d1d93,25-34,RN,Não informado,Diretor,Tech,MEI/Micro,True,3,Rappi,iOS,False,Night,False
7b254a8fb8a8a56a,Não informado,PB,R$6k-R$10k,Designer,Tech,Média,True,2,iFood,iOS,False,Night,True
15e8da239afda3d1,35-44,ES,R$2k-R$4k,Analista,Tech,Média,True,0,Nenhum,iOS,False,Afternoon,True
0c9d7b8123c05b97,35-44,SC,R$6k-R$10k,Coordenador,Outros,Média,True,2,Nenhum,iOS,False,Morning,True
29235188282ffd72,25-34,MG,R$4k-R$6k,Designer Sênior,Saúde,Média,True,2,iFood,iOS,True,Night,False
547d1a9785dd01f7,Não informado,CE,R$2k-R$4k,Professor,Educação,Média,True,3,Nenhum,iOS,True,Afternoon,True
a5f503494cf85b8b,35-44,DF,R$4k-R$6k,Designer,Varejo,Pequena,True,2,Ambos,iOS,True,Night,False
3753b5ab6e5d3150,35-44,SP,R$2k-R$4k,Diretor,Varejo,Média,True,3,iFood,iOS,False,Night,True
9e2fae7c44e4a15a,35-44,AL,R$6k-R$10k,Analista,Marketing,MEI/Micro,True,0,Nenhum,iOS,False,Night,True
42a11895a79544e3,Não informado,GO,R$2k-R$4k,Diretor,Direito,Média,True,2,Ambos,Android,True,Morning,True
576b0d634f73f5fd,35-44,PR,R$4k-R$6k,Professor Sênior,Outros,Grande,True,0,Nenhum,iOS,False,Afternoon,True
6dac31494d13e2b2,25-34,PB,acima de R$10k,Analista,Saúde,Multinacional,True,1,Ambos,iOS,False,Night,False
d46a73fa159cb9eb,25-34,AL,R$6k-R$10k,Diretor Sênior,Educação,Grande,True,7,iFood,Android,False,Afternoon,False
77c99b7bddd30a1f,Não informado,RS,até R$2k,Coordenador,Varejo,Média,True,2,Rappi,iOS,False,Morning,True
7f772a483b95fd44,45+,RS,R$2k-R$4k,Analista,Tech,Média,True,2,Rappi,Android,True,Afternoon,False
3286a93673d5893b,45+,MA,até R$2k,Coordenador,Tech,Grande,True,2,Rappi,Android,True,Night,True
11d09393241eab0a,18-24,RN,acima de R$10k,Estudante,Finanças,Média,True,3,Rappi,iOS,True,Night,False
47904a6c2d49e676,25-34,AM,R$6k-R$10k,Diretor de Dados,Tech,Grande,True,1,Rappi,Android,True,Night,True
1edcf2808e857774,35-44,MT,R$2k-R$4k,Estudante,Varejo,Multinacional,True,1,Ambos,iOS,True,Morning,True
4e67b4dca1b47a9a,25-34,MT,R$6k-R$10k,Diretor de Dados,Outros,Multinacional,True,1,iFood,iOS,True,Afternoon,True
739395a28b88340c,Não informado,MG,R$4k-R$6k,Engenheiro,Educação,Média,True,0,Nenhum,Android,False,Morning,True
fc6e6e35d25bc7ff,Não informado,DF,Não informado,Designer,Educação,Grande,True,2,Ambos,Android,True,Afternoon,True
96f5e5c6cf53f66e,Não informado,GO,R$6k-R$10k,Analista,Direito,Grande,True,1,iFood,Android,True,Night,True
f39c0d6d65b4e7e3,18-24,RS,R$4k-R$6k,Coordenador Sênior,Saúde,Pequena,True,5,Ambos,Android,False,Morning,True
d9d046ba19926bfd,45+,SP,até R$2k,Designer,Direito,Grande,True,3,Nenhum,iOS,True,Night,False
1c615302b557571d,18-24,RS,R$4k-R$6k,Analista,Outros,Média,True,2,Rappi,iOS,True,Morning,True
3b66a9a1402d5bff,25-34,BA,Não informado,Engenheiro,Tech,MEI/Micro,True,3,iFood,Android,True,Morning,False
5719a8f9d963258e,25-34,DF,R$6k-R$10k,Estudante,Marketing,Grande,True,5,Ambos,iOS,False,Morning,False
882ef574b37dc635,Não informado,MT,R$2k-R$4k,Engenheiro,Tech,Grande,True,2,iFood,Android,False,Night,True
3e39766f377d6e2a,35-44,ES,R$6k-R$10k,Designer,Marketing,Multinacional,True,5,Ambos,Android,True,Night,True
77126cb83560faa2,25-34,PR,R$4k-R$6k,Coordenador Sênior,Outros,MEI/Micro,True,7,Ambos,iOS,False,Morning,True
a3bb8f8bc4e31829,35-44,MT,R$2k-R$4k,Coordenador,Finanças,Grande,True,2,Nenhum,iOS,False,Afternoon,True
c32363c728870814,35-44,MA,acima de R$10k,Diretor Sênior,Saúde,Pequena,True,2,Rappi,iOS,False,Night,True
dc0af8f008dcf17f,35-44,GO,R$4k-R$6k,Professor Sênior,Outros,Grande,True,1,iFood,iOS,False,Morning,True
758fef38cea002f2,35-44,PE,R$2k-R$4k,Estudante,Varejo,MEI/Micro,True,0,Nenhum,iOS,True,Night,True
86ed3ed57a1089ad,35-44,SC,R$2k-R$4k,Designer,Educação,MEI/Micro,True,0,Nenhum,iOS,False,Night,True
098c408665de48ef,Não informado,RN,R$2k-R$4k,Analista,Finanças,Multinacional,True,3,Rappi,iOS,True,Night,False
3ca27ac4e36f31fb,Não informado,PE,acima de R$10k,Diretor,Outros,Média,True,2,iFood,iOS,False,Morning,False
b6de7fae2ccac72a,Não informado,MS,R$4k-R$6k,Professor,Saúde,Pequena,True,2,iFood,Android,False,Night,True
67f8c7eb02c81e6f,45+,RJ,R$2k-R$4k,Professor,Finanças,Grande,True,2,iFood,Android,True,Night,True
5e561ee903343611,25-34,MS,Não informado,Consultor,Outros,Grande,True,1,Nenhum,iOS,False,Night,True
47f75e93ea16f8d8,18-24,BA,R$6k-R$10k,Designer,Marketing,MEI/Micro,True,3,iFood,iOS,True,Afternoon,True
7d866cc404f67354,35-44,AM,R$2k-R$4k,Designer Sênior,Tech,Pequena,True,2,Ambos,Android,False,Night,True
1922c8765322fb03,25-34,DF,R$2k-R$4k,Designer,Educação,Média,True,3,iFood,Android,False,Night,False
c41dd8e92bf67007,35-44,GO,Não informado,Professor,Varejo,Grande,True,3,Rappi,iOS,False,Morning,True
b29012d84c6c4561,25-34,SE,acima de R$10k,Diretor,Direito,Pequena,True,5,Ambos,iOS,False,Night,True
d4f4fe24030049a4,Não informado,BA,até R$2k,Diretor,Marketing,Grande,True,5,iFood,Android,True,Afternoon,True
ac7752bf5242be04,18-24,MG,R$4k-R$6k,Gerente,Finanças,Grande,True,3,Rappi,iOS,True,Night,True
a28f0946bb09cc5d,Não informado,ES,R$6k-R$10k,Designer,Outros,Média,True,2,iFood,iOS,True,Night,True
0fef26b66ce28b4f,25-34,PR,R$2k-R$4k,Consultor,Outros,Multinacional,True,2,Rappi,Android,True,Afternoon,True
94e7ed48704bc7b3,25-34,MS,R$2k-R$4k,Designer,Varejo,Multinacional,True,3,iFood,iOS,False,Afternoon,True
887d222253695e65,Não informado,RJ,R$2k-R$4k,Coordenador,Saúde,Pequena,True,5,Nenhum,iOS,True,Morning,True
5372742d2884fef0,35-44,DF,Não informado,Gerente,Educação,Média,True,7,iFood,iOS,True,Afternoon,False
51fd7c0e8a945a61,Não informado,GO,até R$2k,Consultor,Tech,Pequena,True,3,Ambos,Android,False,Afternoon,True
4da5dbd36096d507,25-34,RN,R$2k-R$4k,Analista,Outros,Pequena,True,3,iFood,Android,False,Night,True
c72d0959f332a7e3,18-24,PE,até R$2k,Analista,Tech,MEI/Micro,True,7,Rappi,iOS,True,Night,True
d000d9286a2a9112,25-34,GO,até R$2k,Gerente,Finanças,MEI/Micro,True,1,Ambos,Android,False,Night,True
1430308390ba1529,45+,AL,R$6k-R$10k,Diretor,Outros,Média,True,1,Ambos,iOS,False,Night,True
dfde7be47a5cf9e7,35-44,MG,R$6k-R$10k,Desenvolvedor,Marketing,Média,True,5,iFood,Android,True,Night,True
94ef47fec079e034,35-44,ES,R$2k-R$4k,Gerente,Educação,Multinacional,True,1,Rappi,iOS,False,Night,True
540ff47956c3f68f,Não informado,SC,R$4k-R$6k,Gerente,Tech,MEI/Micro,True,3,iFood,iOS,False,Night,True
95090ef6c4fe65e6,Não informado,SC,R$4k-R$6k,Coordenador,Saúde,MEI/Micro,True,3,Rappi,iOS,True,Night,True
92556f95066b7373,25-34,RN,até R$2k,Engenheiro,Direito,Multinacional,True,0,Nenhum,Android,True,Afternoon,True
5a4a35304408287a,45+,MG,Não informado,Engenheiro,Saúde,Média,True,5,Nenhum,iOS,False,Afternoon,True
bb4ee933b6efbb8a,35-44,PR,R$2k-R$4k,Diretor,Outros,MEI/Micro,True,0,Nenhum,Android,False,Morning,True
448e8d1708fb4791,35-44,AL,até R$2k,Diretor,Tech,MEI/Micro,True,1,Nenhum,Android,True,Night,True
3bed94052b6f6c31,45+,SC,Não informado,Coordenador,Outros,Multinacional,True,7,Ambos,iOS,False,Night,True
2f9b56460ed4dfde,18-24,ES,acima de R$10k,Coordenador,Outros,Grande,True,3,Rappi,iOS,True,Night,True
3aeb643f7c62cb68,25-34,ES,Não informado,Coordenador,Educação,Média,True,2,iFood,Android,False,Night,True
34d0f1315e41c27c,35-44,MA,R$6k-R$10k,Engenheiro,Varejo,Média,True,7,Rappi,Android,True,Morning,True
31bf1d505c2837cc,35-44,MS,até R$2k,Analista,Direito,Grande,True,0,Nenhum,Android,True,Morning,True
33f720d36543cda9,45+,PB,Não informado,Professor,Marketing,Média,True,1,Ambos,Android,True,Afternoon,True
e8d61a8ddf9c8cbd,25-34,SP,R$6k-R$10k,Professor,Finanças,Multinacional,True,1,Rappi,iOS,True,Afternoon,False
f4ed6185391c0ea2,25-34,ES,Não informado,Analista,Finanças,MEI/Micro,True,0,Nenhum,Android,True,Night,True
46f985954cd6c350,18-24,CE,Não informado,Coordenador de Dados,Marketing,Multinacional,True,5,Nenhum,Android,False,Afternoon,True
64041e471b5081a2,35-44,AM,Não informado,Coordenador,Outros,Média,True,2,Ambos,Android,False,Morning,False
902992de8d027f12,45+,DF,acima de R$10k,Gerente,Saúde,Pequena,True,0,Nenhum,Android,True,Afternoon,True
4409f155d63cd30a,35-44,MG,R$4k-R$6k,Coordenador,Outros,Grande,True,0,Nenhum,Android,False,Night,True
0dfd7d1d0983e7ca,35-44,AL,R$6k-R$10k,Gerente,Marketing,Grande,True,7,Nenhum,Android,False,Morning,True
48a108374bf67290,25-34,PB,R$4k-R$6k,Gerente,Finanças,Pequena,True,0,Nenhum,Android,False,Night,False
fceeb48c80b91716,25-34,ES,R$2k-R$4k,Consultor,Tech,Grande,True,2,Nenhum,iOS,True,Afternoon,True
18f2947db6b6e22f,35-44,SP,Não informado,Estudante,Finanças,Multinacional,True,2,iFood,iOS,False,Night,False
8cdd190f12da301d,35-44,GO,R$2k-R$4k,Consultor,Educação,MEI/Micro,True,1,Ambos,Android,True,Morning,True
d5e9d4d71c117e8c,35-44,CE,Não informado,Analista,Educação,Pequena,True,3,iFood,Android,True,Morning,True
6d36d35ad610d73d,35-44,MS,R$4k-R$6k,Desenvolvedor,Educação,Média,True,2,Rappi,iOS,True,Morning,True
63c83d20511e1657,Não informado,RN,R$4k-R$6k,Engenheiro,Saúde,Pequena,True,0,Nenhum,Android,False,Morning,True
5bfea40ac42d906b,Não informado,ES,R$6k-R$10k,Diretor,Outros,MEI/Micro,True,3,Rappi,Android,True,Night,True
264de37bf178b784,25-34,DF,R$6k-R$10k,Engenheiro,Outros,MEI/Micro,True,3,Rappi,iOS,False,Morning,True
720b7d62b5cd4bdf,25-34,AM,R$2k-R$4k,Consultor Sênior,Outros,Multinacional,True,1,iFood,iOS,True,Afternoon,True
77141f543ca016c2,35-44,MA,até R$2k,Diretor,Tech,Multinacional,True,2,Ambos,iOS,True,Morning,True
08ddcf5e2e1a02ce,25-34,PR,Não informado,Consultor de Dados,Varejo,Média,True,5,iFood,Android,True,Morning,True
fd409259a5079a8e,25-34,GO,R$4k-R$6k,Consultor Sênior,Finanças,Grande,True,5,Ambos,Android,True,Night,True
3dd80d5cf110ad17,25-34,ES,R$2k-R$4k,Diretor,Direito,Multinacional,True,3,Nenhum,Android,False,Night,True
02f4650447d4a2e3,18-24,RS,R$2k-R$4k,Gerente Sênior,Outros,Grande,True,3,iFood,iOS,False,Morning,True
e4ecbab78cf42047,25-34,AM,R$4k-R$6k,Desenvolvedor,Tech,Pequena,True,3,iFood,iOS,True,Afternoon,False
546f9868055090a2,Não informado,MT,até R$2k,Gerente,Outros,MEI/Micro,True,7,Rappi,iOS,False,Night,True
2c66078949a58e0a,25-34,MT,Não informado,Gerente de Dados,Outros,Multinacional,True,3,Rappi,Android,True,Night,True
2512515e2bbe39ff,35-44,RN,acima de R$10k,Designer,Outros,MEI/Micro,True,2,Ambos,Android,False,Night,True
f0bbf93fc29b1003,25-34,RS,até R$2k,Professor,Tech,Grande,True,0,Nenhum,iOS,False,Morning,True
40e340aeb047b192,25-34,MT,Não informado,Diretor,Tech,Grande,True,2,Ambos,Android,False,Afternoon,True
ae946ea16487176f,25-34,DF,acima de R$10k,Engenheiro Sênior,Outros,Grande,True,5,Nenhum,iOS,True,Night,True
a753a6af67059c0e,25-34,ES,R$4k-R$6k,Desenvolvedor de Dados,Tech,Multinacional,True,3,Rappi,iOS,False,Morning,False
588583fe5b0a06e3,25-34,AL,Não informado,Desenvolvedor,Varejo,Multinacional,True,1,Rappi,Android,False,Morning,True
024d37d3dac7ac70,Não informado,MA,até R$2k,Designer,Tech,Multinacional,True,1,Ambos,Android,False,Afternoon,True
4ac725a8e38ba08c,45+,SP,Não informado,Estudante,Tech,Média,True,3,iFood,Android,True,Afternoon,True
0338e8d47a94cb30,Não informado,GO,Não informado,Gerente,Tech,Média,True,2,iFood,iOS,True,Afternoon,True
b352470695f9169d,25-34,MS,R$6k-R$10k,Coordenador,Varejo,MEI/Micro,True,1,Rappi,iOS,True,Morning,True
059f4ee936e1f600,Não informado,MG,acima de R$10k,Engenheiro,Tech,MEI/Micro,True,3,Nenhum,Android,False,Night,True
fab6e3859c325adb,25-34,MA,Não informado,Desenvolvedor,Direito,Multinacional,True,2,Rappi,iOS,True,Night,True
c2a208e823196b16,18-24,SC,R$4k-R$6k,Desenvolvedor,Tech,MEI/Micro,True,1,iFood,Android,True,Afternoon,True
788aeebee95e6bdd,35-44,MT,Não informado,Designer,Tech,Multinacional,True,3,Nenhum,iOS,False,Night,True
fbf6b3db6c19e73c,18-24,DF,Não informado,Designer,Tech,Multinacional,True,5,iFood,iOS,True,Afternoon,True
5f7e807a29bb30de,35-44,MA,R$2k-R$4k,Desenvolvedor,Varejo,Grande,True,3,Ambos,iOS,False,Night,True
287ac9b18412ba9c,35-44,RJ,R$4k-R$6k,Coordenador,Varejo,Grande,True,2,Ambos,Android,False,Morning,True
ce4c713ee499899e,18-24,MS,R$2k-R$4k,Designer,Educação,MEI/Micro,True,2,iFood,iOS,False,Night,True
4b1736426226c867,25-34,PB,Não informado,Gerente,Tech,Multinacional,True,2,iFood,iOS,True,Afternoon,True
1e9100351675d6ba,35-44,GO,R$4k-R$6k,Diretor,Educação,Média,True,2,iFood,iOS,True,Night,True
bc566ce5a3d066a9,25-34,MG,R$4k-R$6k,Estudante,Educação,Média,True,1,Nenhum,iOS,True,Night,True
6d8bd5c46f151ad8,45+,PB,R$2k-R$4k,Gerente,Tech,Grande,True,1,iFood,Android,False,Afternoon,True
2f351ced6fd0af23,45+,RJ,acima de R$10k,Consultor,Educação,Grande,True,5,iFood,iOS,False,Night,False
ce15bd686484e779,25-34,ES,R$6k-R$10k,Diretor Sênior,Varejo,Multinacional,True,3,Ambos,iOS,True,Morning,False
11b659224446df29,25-34,SC,Não informado,Analista,Tech,Multinacional,True,0,Nenhum,iOS,True,Night,True
de992ee89e9ef0e3,25-34,MA,Não informado,Desenvolvedor de Dados,Outros,MEI/Micro,True,3,Ambos,iOS,True,Night,False
72736289a2530768,25-34,SP,acima de R$10k,Estudante,Educação,Pequena,True,2,Ambos,Android,True,Afternoon,True
4bbc51d43504f4b5,18-24,AL,R$2k-R$4k,Gerente,Educação,Multinacional,True,3,Rappi,iOS,False,Morning,False
66074b1cbc345637,25-34,PB,R$4k-R$6k,Gerente,Educação,Pequena,True,0,Nenhum,iOS,False,Night,True
b8bc42504c3b8f99,45+,ES,acima de R$10k,Designer,Outros,Pequena,True,5,iFood,Android,True,Afternoon,True
68258093548912ce,35-44,AL,Não informado,Analista,Tech,Média,True,2,Rappi,Android,True,Night,False
0162c568a0c3f7b2,25-34,MT,Não informado,Gerente,Tech,Multinacional,True,2,iFood,iOS,True,Morning,True
d3aba8dcdf48ba23,35-44,GO,Não informado,Estudante,Marketing,MEI/Micro,True,5,Nenhum,iOS,False,Morning,True
95b03a58b6e4dcee,25-34,DF,Não informado,Estudante de Dados,Educação,Média,True,2,Nenhum,Android,False,Afternoon,True
42a1aee22aab5c29,25-34,ES,até R$2k,Diretor,Tech,Média,True,0,Nenhum,iOS,True,Morning,True
b0eaa70180485d96,25-34,RJ,R$2k-R$4k,Coordenador,Varejo,MEI/Micro,True,5,Nenhum,iOS,True,Morning,True
0d459464300118ee,45+,SE,R$2k-R$4k,Professor,Varejo,Multinacional,True,1,Nenhum,iOS,False,Night,True
9a150389c36e79bd,18-24,AM,acima de R$10k,Analista,Tech,Multinacional,True,1,Nenhum,iOS,True,Night,False
b1f559c485538e1f,18-24,CE,Não informado,Analista,Outros,Pequena,True,1,Ambos,Android,False,Night,True
574fbabf4b258128,25-34,MG,R$6k-R$10k,Diretor,Finanças,Média,True,1,Rappi,Android,False,Morning,True
07781e802408fa85,25-34,DF,Não informado,Professor,Outros,MEI/Micro,True,1,Nenhum,iOS,True,Night,True
e056007603e43715,25-34,MG,R$2k-R$4k,Diretor,Outros,Multinacional,True,2,Rappi,Android,True,Morning,True
c74781886cc9de89,25-34,PE,R$6k-R$10k,Analista,Tech,MEI/Micro,True,7,Ambos,iOS,False,Morning,True
191603861f667c2e,Não informado,MG,acima de R$10k,Diretor,Tech,Pequena,True,3,Nenhum,iOS,False,Afternoon,True
183d9553a70e7c0e,25-34,PB,acima de R$10k,Estudante,Outros,Grande,True,7,Nenhum,Android,False,Afternoon,True
fe778b1509e3448d,18-24,GO,R$2k-R$4k,Desenvolvedor,Finanças,Multinacional,True,0,Nenhum,Android,True,Night,True
4526f18cebe05934,25-34,AM,Não informado,Gerente,Tech,Pequena,True,2,Rappi,iOS,False,Morning,True
c85ac8cc91bf783a,18-24,PR,acima de R$10k,Designer,Outros,Pequena,True,3,Rappi,iOS,False,Morning,True
a14916a50049fa9a,18-24,RJ,até R$2k,Professor,Tech,Média,True,1,Ambos,Android,False,Morning,True
521fe92be1c9c63b,Não informado,PB,Não informado,Professor,Educação,Multinacional,True,3,Ambos,Android,False,Night,True
3cbd81894b5140b4,25-34,GO,R$2k-R$4k,Desenvolvedor,Saúde,Pequena,True,2,Nenhum,iOS,True,Morning,True
7fb8504218e252c2,25-34,AL,R$6k-R$10k,Gerente,Outros,Grande,True,1,Rappi,iOS,True,Night,True
c0f5dd44ae7712e5,45+,CE,R$2k-R$4k,Analista,Outros,Média,True,3,Nenhum,iOS,False,Night,True
7f0f648af9840169,18-24,PB,R$2k-R$4k,Consultor,Marketing,Multinacional,True,1,iFood,iOS,True,Afternoon,True
91a0bb9ecbe24429,45+,PB,R$6k-R$10k,Estudante,Tech,Multinacional,True,2,Nenhum,Android,False,Morning,True
e9293edd246158ab,18-24,GO,Não informado,Analista,Outros,MEI/Micro,True,5,Rappi,Android,False,Night,True
e4533b464ae52b7e,Não informado,AL,R$2k-R$4k,Analista,Finanças,MEI/Micro,True,2,Ambos,Android,True,Night,True
58a8f94782cdbfda,18-24,MG,R$2k-R$4k,Gerente,Outros,MEI/Micro,True,3,Nenhum,Android,True,Morning,True
348bb940a6083ebe,25-34,ES,R$6k-R$10k,Analista,Tech,Pequena,True,2,iFood,iOS,False,Afternoon,True
faa3b2190c150d16,18-24,SE,Não informado,Consultor,Tech,Grande,True,1,Rappi,Android,False,Night,False
e9c59ddb2317f191,45+,PR,R$4k-R$6k,Consultor Sênior,Finanças,Multinacional,True,7,iFood,Android,False,Morning,False
45b398f7d48ddfe1,35-44,AL,até R$2k,Estudante,Tech,Grande,True,3,iFood,Android,False,Afternoon,True
bc93223f0836bc73,18-24,CE,Não informado,Gerente,Varejo,MEI/Micro,True,3,Rappi,Android,False,Night,True
9f8fa84848e1bf08,25-34,DF,R$2k-R$4k,Engenheiro,Tech,Média,True,3,Nenhum,iOS,True,Night,True
23eae1842330d488,35-44,SP,acima de R$10k,Estudante,Finanças,MEI/Micro,True,0,Nenhum,iOS,True,Afternoon,False
1d2195459b229762,25-34,RS,R$4k-R$6k,Diretor,Outros,Pequena,True,5,Nenhum,iOS,True,Morning,True
18fe72cfac85a76e,25-34,ES,R$4k-R$6k,Analista,Direito,Pequena,True,3,Rappi,Android,True,Afternoon,True
73bbbad3da2cd702,25-34,PE,R$4k-R$6k,Professor,Tech,Média,True,7,Nenhum,iOS,True,Night,True
714a5ff90e0e374e,35-44,CE,R$4k-R$6k,Engenheiro,Educação,Média,True,2,Nenhum,Android,False,Morning,True
2a746230c6ce8c41,25-34,PE,até R$2k,Estudante,Saúde,Média,True,3,Rappi,Android,False,Night,True
2b407f1802348cff,25-34,MG,Não informado,Diretor,Saúde,MEI/Micro,True,5,iFood,iOS,False,Morning,True
6334a2bfb982dd16,25-34,AM,R$6k-R$10k,Professor,Tech,Multinacional,True,3,Rappi,iOS,True,Morning,True
a617e132e585eb9a,18-24,MS,acima de R$10k,Coordenador,Tech,Multinacional,True,3,Rappi,iOS,False,Afternoon,True
e7d6ae12a7fa391b,25-34,PR,R$2k-R$4k,Diretor de Dados,Tech,Multinacional,True,5,Rappi,iOS,True,Night,True
8f42e44c5737199a,25-34,AM,R$4k-R$6k,Coordenador,Marketing,MEI/Micro,True,1,Ambos,Android,False,Morning,True
cf85e74da4c09d96,35-44,AL,R$4k-R$6k,Engenheiro,Finanças,Grande,True,0,Nenhum,iOS,False,Night,False
b0d9fe372ab0f24b,18-24,CE,R$4k-R$6k,Analista de Dados,Educação,Grande,True,3,Ambos,iOS,False,Morning,True
59737b51e32d16c2,25-34,MS,Não informado,Gerente,Marketing,Média,True,3,Nenhum,Android,False,Morning,True
531d3d6a140acee6,18-24,SP,R$2k-R$4k,Consultor,Saúde,MEI/Micro,True,2,iFood,Android,True,Night,True
e960c4c55f2817c7,35-44,MS,acima de R$10k,Engenheiro,Direito,Pequena,True,2,Nenhum,iOS,False,Night,False
293b39850eae38d2,Não informado,RN,acima de R$10k,Desenvolvedor de Dados,Varejo,Pequena,True,3,Nenhum,iOS,True,Night,True
625bca8adb79f19e,25-34,SP,R$2k-R$4k,Engenheiro Sênior,Varejo,Pequena,True,2,Ambos,Android,True,Night,True
7e3070546ae1e4b5,35-44,ES,Não informado,Engenheiro,Varejo,Pequena,True,2,Ambos,iOS,True,Night,True
a9cbccc31c4a0e25,18-24,DF,R$6k-R$10k,Estudante,Outros,Média,True,1,iFood,iOS,False,Night,True
ad6311921cce0a26,18-24,GO,Não informado,Designer,Varejo,MEI/Micro,True,1,Rappi,Android,True,Morning,True
3aa2f6a86d7fe06c,25-34,PE,R$4k-R$6k,Diretor Sênior,Saúde,Grande,True,2,Ambos,Android,False,Night,True
8ed0ad8135f77a42,45+,PB,R$2k-R$4k,Analista de Dados,Direito,Pequena,True,1,Nenhum,Android,True,Night,True
d784f9ec25c3cdca,18-24,MS,R$4k-R$6k,Estudante,Tech,Pequena,True,5,Ambos,iOS,False,Night,True
b50879cf0a06eeaf,25-34,BA,Não informado,Estudante,Finanças,Média,True,3,Rappi,Android,True,Night,True
646a216b21f980d1,Não informado,RS,acima de R$10k,Estudante,Saúde,Média,True,3,Ambos,iOS,False,Night,True
770c41580533d9e7,35-44,MT,R$6k-R$10k,Consultor,Marketing,Média,True,5,Rappi,iOS,True,Night,True
e295d4871719673b,25-34,SP,Não informado,Coordenador,Saúde,Pequena,True,5,iFood,iOS,False,Morning,True
ee7942f8ee48f20e,Não informado,SE,Não informado,Desenvolvedor,Outros,Pequena,True,5,iFood,iOS,False,Night,False
c5a9165a8dee4b72,25-34,RN,R$4k-R$6k,Coordenador,Outros,MEI/Micro,True,1,Nenhum,Android,False,Morning,True
1b487a1c00fffb2c,45+,AL,R$6k-R$10k,Engenheiro,Marketing,MEI/Micro,True,5,Ambos,Android,True,Morning,True
4dde449fcb7e0cc4,Não informado,SP,Não informado,Designer,Marketing,Média,True,1,iFood,iOS,False,Night,True
e052951e3e25210f,25-34,DF,Não informado,Analista de Dados,Tech,Média,True,1,Nenhum,iOS,True,Afternoon,True
04eae71502c82e20,25-34,RJ,R$6k-R$10k,Coordenador,Finanças,Pequena,True,5,Ambos,iOS,False,Morning,True
fc15239f2a5bd6d5,25-34,RJ,R$4k-R$6k,Gerente,Finanças,MEI/Micro,True,1,Rappi,Android,True,Night,True
26aa406f6b57699b,25-34,ES,R$4k-R$6k,Estudante,Tech,Grande,True,5,Ambos,Android,False,Night,True
5ec77dec48f39703,35-44,SC,acima de R$10k,Analista,Educação,Multinacional,True,0,Nenhum,Android,True,Night,True
5c0a674031935ae9,35-44,MA,Não informado,Gerente,Outros,MEI/Micro,True,2,Rappi,iOS,True,Morning,False
de168f3f26b13853,Não informado,MG,R$2k-R$4k,Analista,Tech,Multinacional,True,2,Rappi,iOS,False,Morning,True
30a5a42815ce1588,35-44,RN,até R$2k,Gerente,Saúde,MEI/Micro,True,1,Ambos,iOS,False,Night,True
f5ddabc066bd0c58,35-44,MG,Não informado,Designer,Educação,Pequena,True,1,Nenhum,iOS,True,Morning,True
57a56fe97e09ad0a,35-44,AL,R$4k-R$6k,Coordenador,Finanças,Pequena,True,1,Rappi,Android,False,Afternoon,True
a9377d8fa677de77,25-34,AL,Não informado,Gerente,Saúde,Pequena,True,0,Nenhum,iOS,True,Morning,True
e13a0c3b6fc3ce95,25-34,MG,acima de R$10k,Analista,Outros,Média,True,2,iFood,iOS,False,Night,True
e23649ac3785ca8d,35-44,MA,até R$2k,Gerente,Outros,MEI/Micro,True,2,iFood,Android,True,Morning,True
81ad547ac2ceb977,25-34,RS,acima de R$10k,Diretor,Outros,Pequena,True,2,Ambos,Android,False,Night,True
9052edc25ff18a05,25-34,PB,R$2k-R$4k,Coordenador,Tech,MEI/Micro,True,0,Nenhum,iOS,True,Night,True
67a65e6ad6b16a04,18-24,RJ,até R$2k,Designer,Educação,MEI/Micro,True,1,Ambos,iOS,True,Night,False
7071641e2ed97982,35-44,MA,R$2k-R$4k,Desenvolvedor,Saúde,Pequena,True,0,Nenhum,Android,False,Night,True
c59d652687384f0d,35-44,SE,R$4k-R$6k,Estudante Sênior,Tech,Grande,True,2,Rappi,Android,True,Morning,True
d3dfc4e69a78e899,25-34,AM,R$2k-R$4k,Coordenador,Direito,MEI/Micro,True,3,Ambos,iOS,False,Morning,True
42f27264136048bc,35-44,MT,R$4k-R$6k,Desenvolvedor,Saúde,Grande,True,2,Rappi,iOS,False,Afternoon,True
4d69bd0c7402fd54,35-44,DF,Não informado,Designer,Tech,Multinacional,True,1,Ambos,iOS,False,Night,False
ea7f7327a87812e0,45+,RJ,Não informado,Professor,Direito,Média,True,1,iFood,Android,False,Morning,True
d5420f2c0bac51a8,25-34,SE,R$2k-R$4k,Desenvolvedor de Dados,Educação,Grande,True,3,Nenhum,iOS,False,Night,True
403bfb3f7e4d1dd5,35-44,RN,até R$2k,Designer,Educação,Média,True,1,Nenhum,Android,False,Afternoon,True
f41be01702322130,35-44,ES,acima de R$10k,Engenheiro,Outros,Pequena,True,3,iFood,Android,True,Morning,True
41381bbd03c75a53,Não informado,PE,R$6k-R$10k,Desenvolvedor,Saúde,Média,True,7,Nenhum,Android,True,Night,True
e6e055c1f54c8a1b,35-44,RS,R$2k-R$4k,Coordenador,Saúde,MEI/Micro,True,2,iFood,iOS,False,Morning,True
425d45255f8c6742,25-34,MS,Não informado,Engenheiro Sênior,Tech,MEI/Micro,True,0,Nenhum,Android,False,Night,True
e4030dba76323249,18-24,AL,Não informado,Estudante,Varejo,Pequena,True,2,Rappi,iOS,False,Morning,True
874f26169956f104,18-24,PB,acima de R$10k,Consultor Sênior,Marketing,Multinacional,True,3,iFood,iOS,False,Afternoon,True
6087c845b1122144,45+,AM,R$4k-R$6k,Analista,Outros,Multinacional,True,1,iFood,Android,False,Night,True
